ead,recoveries,recovery_costs,collateral,product_type,seniority,time_to_recovery,lgd
38810.824403520186,4931.168692632513,1938.6450175445284,0,1,2,23.033079999120314,0.922894611977978
22224.48276772659,7977.86793406504,710.9799204318596,0,2,2,23.225277055128224,0.6730233009433257
43000.597035613435,4544.1487093307705,855.2925691190044,0,2,1,22.321953930058203,0.9142138390042206
35019.717438438514,7551.514020177316,1004.5530416271268,0,2,2,16.220945404750967,0.813049291729462
5161.778720438652,2734.0589661467093,362.241351177569,1,0,1,12.273710037354192,0.5405038178840063
48793.306406019416,13160.45639535217,2545.5071433576272,0,2,2,21.720101060710462,0.7824507082249088
38176.41524852247,19971.65535562843,1391.8818307903202,1,1,1,1.8936142998457608,0.5133180157464575
39410.18311120921,8571.42968421927,2573.225587770821,0,1,2,1.2609750998331062,0.8478006539700037
6841.6248174395205,3911.113270937408,99.28579804303068,1,2,2,30.8074639203862,0.4428476312852019
22794.103925830572,3689.760677797448,633.046428334459,0,1,2,2.6248415672167766,0.8658989070415232
18854.50219951277,12410.24572897354,492.2386516953528,1,1,2,19.36783026166963,0.36789595656436025
46374.86694800579,29151.547668607902,3662.4792020882473,1,1,1,22.524571703237577,0.45036891437128457
32371.323443992897,7748.6047789855975,1923.727426018593,0,1,2,7.935993036785247,0.8200605741978733
41226.69985690608,22606.45473239883,2195.1162748406628,1,2,2,32.35057933928019,0.5049000155626339
22449.00284195289,7758.045015074305,232.323553423915,0,1,2,7.653352011193125,0.6647636639082135
11748.316728346455,2604.600535080324,269.0564269362335,0,1,2,31.958024557833614,0.8012018094039917
27951.946957283824,15742.433815819884,1523.0426252971329,1,0,2,27.70465942665623,0.49129156504722804
3658.9541771566787,2241.339228953905,133.84583487597158,1,1,1,9.426003373346788,0.42401754926714147
41467.74301363281,18809.370221782636,3097.6249297424943,0,2,2,6.276045819663274,0.6211092249010323
31767.387756542208,2832.2930920837757,2018.204233306085,0,1,2,12.068144856518229,0.9743734403024675
38025.343134226,26328.09458325708,1571.088733023755,1,0,2,14.928269819459615,0.3489340579296458
18049.035422428486,6729.031651468295,1127.4519207703104,1,1,1,9.602463677462321,0.6896465877762515
48549.55220754771,30395.553069174948,3800.376542090302,1,2,2,35.961204206404815,0.45220552368040073
44709.49550544879,19627.91290856405,1889.8103627606813,0,0,2,9.037831768385336,0.6032587184160553
39029.983105151216,25706.716773568107,2145.7440494753346,1,0,1,30.072218944399992,0.3963365892161206
10134.616038672395,2741.1603685763935,753.0680803239943,0,1,1,6.569121148166547,0.8038315136295155
23602.689684488192,12574.240023173485,646.8842584753163,1,1,1,35.30856188465816,0.4946611625989013
2668.2864064678242,677.0127403796549,192.27419413543262,0,0,2,8.89332103990797,0.8183333898980129
8137.329857343618,4636.263721561232,136.9360404129096,1,2,1,15.759099417425729,0.4470756673225115
34310.9231855015,5341.620833935324,1900.5291078118353,0,2,2,20.549742336876726,0.8997085648928979
37365.72671743695,21119.666466876228,2421.2494267801576,1,1,2,5.2100000304632665,0.4995837447108893
48391.7317554934,30187.04000254141,2565.84746836743,1,1,1,29.588702361768547,0.42921669607249713
16628.35522783852,2626.1818526730203,743.0785648627967,0,0,1,10.613993643829044,0.8867534845143549
18837.75544872601,9480.028497938209,1002.4379131638807,1,2,1,20.224446556058233,0.5499681154769602
23743.012658152493,2060.1999057077405,489.49686159481433,0,2,2,20.23718337426364,0.933845672125622
9878.832274672142,6390.488204593177,247.85940509461267,1,1,1,22.092422831402477,0.3782029465924478
6931.114514105846,2186.342385634394,200.26037335809983,0,1,1,2.942009528351014,0.7134541626408967
24047.39384818372,6680.348055038018,1246.7264051725042,0,2,1,6.901656664104876,0.7740453005357205
11732.012778018763,4291.8103009438155,480.22736084600416,0,2,1,6.641728502317747,0.6751126160347151
33655.792736784264,8768.818782019258,912.5199072376321,0,0,2,11.571794079554815,0.7665691925243214
22139.01998418037,6576.2035532080245,1589.5075411016885,0,2,2,6.071995490041895,0.7747553407662299
41717.570704862956,26551.585537336,1509.113463785381,1,2,1,33.26724622710014,0.3997140377440181
35163.12254911133,20711.61357895274,1449.5019857761167,1,2,1,18.953405767895525,0.4522070226762773
15962.148748411033,8560.522411505552,617.4011543222534,1,1,1,22.825130169593955,0.5023776947339873
41696.86016906245,21503.00048390231,948.0200992350763,0,1,2,13.51208613893423,0.5070376929743434
40335.83569609169,7896.380468095871,2469.1134529260257,0,0,1,10.668614936186904,0.8654480086625373
19680.179761993637,3347.493773975802,814.6035428241054,0,1,2,18.611200958127455,0.8712974036932724
14772.241144547083,9632.700419261124,164.53318778087555,1,0,2,11.301304119219177,0.35905681887847746
34283.52744676128,21606.251399179288,2656.3205901410374,1,1,1,13.027607400541749,0.4472584293297852
7417.747938660836,603.9902318810484,497.75649877085624,0,0,1,16.84628059948,0.9856784385249183
10395.456022517861,7637.763904241251,630.4756213851725,1,1,1,18.700679051452443,0.3259277642387776
864.4323526747728,206.33710756312655,61.2333026493473,0,1,2,35.450990412364355,0.8321397799783969
39452.75668635585,4603.673868206646,2898.850782518124,0,0,1,8.816290585667918,0.956788239178275
33410.11740130559,13118.619369370801,1123.3911238555936,0,2,1,18.07916577089265,0.6409701857244458
35405.68624200359,11509.71831776726,1868.255651659592,0,1,1,6.232910882126863,0.7276860388976304
39146.087035587414,17547.427716118673,2059.731914453398,1,2,1,13.249973144779041,0.6043615856781412
23216.330889147826,18880.958317881363,666.5635379281296,1,0,1,26.10587515472415,0.21544903598581477
28652.68919966824,9428.330248879765,731.6939134482426,0,2,2,7.1061750316201096,0.6964809733973516
7419.951407319044,1845.909289932011,133.36255477206808,0,0,1,21.34729576425151,0.7691970417123372
6169.238640030685,4878.79590022785,346.4150493361048,1,1,1,15.584535824880252,0.26532573703953816
33585.94660862835,20793.587988686028,2171.812713775942,1,1,1,2.8052840541565547,0.44554859531259766
23819.26220408506,14211.28714692304,1506.9663201275202,1,1,2,33.65763345174556,0.46663667757867416
28479.187270818846,4863.219538608675,915.300471428171,0,1,1,15.476109910251022,0.8613752903255869
38367.44344209327,25699.35972388053,934.9451336768644,1,2,1,28.437428751290817,0.35454613681571484
31918.556840029243,9805.136678326156,1332.695264091584,0,0,1,15.570972105613011,0.7345606364129459
27902.18033257079,16790.461148803686,1347.031947639251,1,2,2,33.80761125525746,0.4465153254300704
28180.754456897972,4373.69923870733,2094.8473520134,0,0,2,11.166461705011411,0.9191344614219112
15545.529854099304,9569.697323684879,1107.4265608687172,1,0,2,15.428072739069389,0.45564603829925493
2025.4828111130007,489.4055538825179,150.13705639313974,0,0,2,27.560248409075022,0.8324999374825844
22117.510767001935,1990.2017794955723,1537.5732297315437,0,2,2,13.028356034829992,0.9795352852076228
11121.941304566695,4708.83551280835,862.1805007916902,1,0,1,13.752497496731278,0.6541381664694441
20722.16786436949,13838.64510079909,882.4535143977462,1,1,1,35.81881106949782,0.3747665943446617
42743.452126774224,0.0,569.4772028052829,0,1,1,20.44650839916232,1.0
12080.004550334366,7545.765942246052,191.46012650455995,1,2,2,25.128315878455183,0.3912000790150423
3385.985713608768,1837.3375397485192,126.36271796433297,1,1,2,23.521178195376343,0.49468929685452295
14428.502655088829,5872.250420677536,404.5477481939074,0,2,2,29.97734515048003,0.6210485035635206
15032.89100945084,2868.032295782017,329.15779725538675,0,2,2,31.163878480461005,0.8311120264937397
33264.86747898131,10948.73546873366,2552.2224815544614,0,2,1,20.713964636460837,0.7475861585053779
28073.091540893278,15506.743092666033,664.7531550123892,1,2,1,11.309462623823977,0.47130903213727865
39302.961350767466,10362.217051314314,3032.4808657449807,0,0,1,1.7980086651239309,0.8135067706437289
33383.520246205684,11297.663731325041,2111.798720559444,0,1,2,22.504113787251207,0.7248383351120784
20616.14964128349,11225.35564094866,1131.1297286054992,1,1,2,29.891409164296686,0.5103728830077153
40794.00904096872,29354.82170074716,2338.3667402923534,1,0,1,16.76889319290808,0.337734741066448
8765.159535431343,4213.905270515873,291.0313683683132,1,0,1,6.7647149171802505,0.5524469479089167
1624.2476201260936,1031.9675788874515,89.73950667185366,1,0,2,11.082872552747432,0.4198987515570743
4957.369108394267,3523.285344227674,114.358812880319,1,2,2,18.84961253291526,0.31235168154514625
36256.78785452429,24625.773430619513,2742.44096416968,1,1,2,30.28384266421833,0.39643488126267845
23362.922897443674,19390.604205550644,727.1834462467315,1,0,2,7.011360112394722,0.20115214858899233
8482.953062163288,1343.5918781940636,236.36099503346202,0,2,1,22.425245649832995,0.8694757739378273
25301.716367616496,2138.047909556212,1512.5719224537995,0,2,1,27.36790148826909,0.9752793060354217
8039.449084301837,1050.5934937778286,449.81851401739806,0,2,2,33.76166321171881,0.9252716232840471
34967.85856634793,23752.026610800145,1454.3455580076948,1,2,2,5.084629208760079,0.36233781629821904
22584.73564091452,6995.638851031315,1225.7015276399686,0,2,2,33.42370719575951,0.7445204843160296
19360.550691775883,5077.707102065027,409.75666597467614,0,0,2,22.051363731106782,0.75889371586557
15424.848412819889,7176.335976901731,881.2675792897014,1,2,2,27.83455556013001,0.5918878274109923
31698.988359384977,10841.81717837796,917.4558529780767,0,1,1,2.8821148348994408,0.6869186734641763
18409.724222392826,1896.8537903510019,535.6956984231829,0,1,1,18.71518544742083,0.926063091685417
4838.671006146999,3576.135692708193,103.3181844908608,1,1,2,22.79203859282778,0.282278645560837
6341.292154965508,5979.157515693765,210.95195787228707,1,1,2,11.739184395549406,0.09037378867574782
48113.934395200966,14144.25236982301,1596.7847688432098,0,1,1,16.10775728354384,0.7392134366332069
45474.74419002655,14550.689244005736,1900.5046480550495,0,2,2,20.400434734785932,0.7218195545402298
35135.5031236321,6705.850666962922,819.688988306671,0,0,1,20.339177892054295,0.8324725375941117
13660.563092246219,5228.913861372009,321.16704467076966,1,0,1,2.4651533892393327,0.6407361260615316
48474.23067871233,25578.57551466097,2322.9675411122857,1,0,2,16.381861830261233,0.5202480235800526
39048.169746306834,4640.975369854121,742.7515716456018,0,2,2,8.483635417728081,0.9001688472587831
35986.064363370286,15342.998639506717,2095.2090884790637,1,1,1,33.08432773298724,0.6318633397290203
22743.39435611754,10386.5259551078,1730.2332649983482,0,1,1,35.18029965431669,0.6193931057709039
13975.95731133537,3951.611116288844,557.3009903465872,0,1,2,11.487641372322418,0.7571321913534138
5271.3526265982155,3402.9876310016784,385.2165964182721,1,1,2,7.131488903787056,0.4275148622468694
45178.81862892016,9619.352810492286,762.7161069974408,0,1,1,8.682645283192008,0.8039648452023603
23060.926346763747,5286.843510725328,299.9542511335398,0,0,2,17.72132893735338,0.7837515638095074
10516.9865573639,3846.5466264218444,636.2337407136008,0,0,1,31.60769596896124,0.6947497395572488
15644.8528954573,9326.202601468429,989.8734681241255,1,2,2,18.501267522817386,0.46715196435213063
29171.36866262385,19360.549419151004,2013.2350792154957,1,1,1,2.9387221600354176,0.4053308043046347
9250.252755491969,5332.580937747686,129.29297958752562,1,0,2,2.39599609496004,0.4374977532294006
42902.40706257259,8964.099854144482,2762.2068611336936,0,1,2,8.9586830967997,0.8554418407348238
38046.7167268429,3088.2634155943347,1383.2915425061447,0,1,2,30.496994716330008,0.9551874111679841
36113.41631957137,13097.2567599541,1127.9532382068958,1,0,2,22.751819513730037,0.6685635217718093
21888.605468867634,4785.124336241373,483.99371925586325,0,0,2,20.703524882520203,0.8034991026219991
31551.78761477094,19144.981164067474,2515.3433057649545,1,2,2,12.163935740392475,0.47294149981798905
29412.849461180413,13108.259777842075,425.2054244273946,1,0,2,33.52988917661656,0.5687920556573753
32667.40677696359,8031.707161480826,2217.808573240236,0,0,2,12.591238573674636,0.8220275448267159
4679.99389642451,2838.1837378602327,256.2980428067626,1,1,2,30.223054442853137,0.44831430292547675
21082.466407445176,0.0,1295.6362781789003,0,1,2,32.35662312915594,1.0
2559.9016061636776,358.8599112639318,153.13382195117634,0,2,2,17.916725462564784,0.9196351575320659
24952.545552603686,16190.999834806013,1748.9342470160502,1,2,2,32.30012443182599,0.4212187467068666
16828.130010472873,4988.649457013421,384.78267935500395,0,0,1,10.688115058686648,0.7264183973624384
7653.947348869321,3532.7483611813946,76.98128365719033,1,1,2,24.045169916414654,0.5484987131463993
5618.446902266306,3477.895976379828,291.5805064854921,1,0,1,4.07873119835352,0.43288322817306046
29588.406322796745,21383.211843037512,1028.7919873071226,1,1,2,17.587697493233787,0.3120812377093767
8944.351942575862,6200.660849178326,166.94734131382828,1,0,1,8.606613075542176,0.325416358099292
46293.44585965146,11044.028574234002,1066.1247620820436,0,0,2,3.1967147275711008,0.7844640072289688
29262.526415169552,5672.331296153296,972.1728754853599,0,2,1,1.1303927827167257,0.8393796094710608
17670.055324474433,9267.566971923437,263.5724816882108,1,0,2,12.366324075428293,0.4904376740822097
29750.31682833013,19520.32450821283,416.02617393583574,1,1,2,21.6335708087867,0.35784555019983266
1628.7916159700262,445.33194987621584,120.7290280312658,0,0,1,16.933062167790506,0.8007093610611247
47948.68105545155,15608.661297097033,1527.0308735248095,0,2,2,11.561925448182363,0.7063187117224947
24374.02012867356,6479.220429223577,1919.6039566722918,0,2,1,35.69200107716879,0.8129312912486127
39245.39374888917,13667.274071476046,3041.7413447144295,0,1,2,33.88337639928872,0.7292540165414351
4595.134996160709,2809.240852724755,91.81075018242517,1,2,2,5.39786573931239,0.408628885807974
24589.587376488937,8462.817453962038,1476.4744267197825,0,1,1,15.528759933397316,0.7158820552669309
24789.996220548786,17464.520914668086,1290.4765273577973,1,0,1,23.709642689776377,0.34755760979489825
46922.40952126165,23623.406351056667,2737.7018311356696,1,0,1,26.672177913547785,0.5548884907443384
28800.538592615732,11031.260467220323,481.93006849870005,1,0,1,13.823025421832163,0.6337106556255027
23937.725352319212,10418.156306544983,555.3362097567956,0,0,1,27.119863445737167,0.5879800627826727
13715.295323048733,3851.2418654370845,210.73148447782665,0,0,2,5.34525045187374,0.7345656586160902
16912.66536845633,6668.016073538107,884.353029217789,1,0,2,12.613441884019664,0.6580277018247296
26273.28392234112,13513.444475037073,2077.201960795592,1,1,1,26.075161151456676,0.5647197149756817
22226.117285099812,7615.221547462781,1267.7536731941266,0,0,1,22.89889765911313,0.7144140025516765
1569.797954076356,889.1944383680167,93.80061978671525,1,1,1,30.302357520157923,0.4933145271874823
41401.45024762071,7806.352316825151,3267.441905316608,0,1,2,2.639995793350428,0.890368323226325
44859.958206068455,34457.195128274565,2577.6894808971656,1,2,1,7.103710123806698,0.2893549855544698
7442.329905431233,925.271702465092,95.35641542772086,0,1,1,2.697310379518826,0.8884871676500502
27924.789105182947,4306.605573628052,1974.0142900371332,0,2,1,7.723997848722396,0.9164687949905419
5874.499186204455,1617.6395576285947,208.70615426601154,0,1,1,1.1498983721527254,0.7601611033207236
33775.88460547068,10026.52643881033,348.0758084267151,0,0,2,18.64736055876032,0.7134508616595641
14421.072300030912,4464.203929069058,656.2509753359009,0,1,1,19.49100384488894,0.7359452283083696
33141.42041724914,11909.321880542462,2505.194769864144,0,1,2,24.026212349209818,0.7162424847130648
36486.23340720069,9991.004660264069,1022.0942601802126,0,1,2,14.471935652036521,0.7541837136218668
38548.050849924024,25392.606145554484,1711.761743676627,1,1,2,1.1122691739814403,0.3856798494410897
5833.17682481688,1276.852592898457,129.28876026324198,0,1,1,24.5861904042673,0.8032694932625772
45842.58633431159,27850.462086084226,643.560553063927,1,0,2,2.9001880711769403,0.4065146906282451
11895.5925492966,7290.857464502848,186.02501625324606,1,0,1,31.315965078621037,0.4027340446634817
2351.9215307208988,648.687655102311,143.2102975031683,0,2,2,1.7928895697778078,0.7850789871190105
27965.197234878426,9583.806679621239,1971.1328823437016,0,2,2,19.566629313982137,0.7277804360420191
18860.65305119072,12572.841042717806,377.7962087964781,1,0,1,32.32212588349323,0.35341343691429467
41574.59228505445,25165.351835149733,1254.8168061957188,1,2,2,21.037135152607306,0.4248762593987108
40508.44786718294,6193.939433319677,958.1083502576746,0,2,2,22.294586129037548,0.8707471809280627
16198.375194724409,9850.5648481945,192.43514850325127,1,0,2,24.8563796918092,0.4037593534173248
47668.52005595237,11756.862053040959,2323.373005413085,0,2,1,5.284309670566345,0.8021023300795781
14900.432987935872,4070.526949125186,879.0443673828256,0,1,2,24.62244852836958,0.7858127623320514
25995.32789696987,22480.31860283115,1438.8784076566153,1,2,1,31.81242087044853,0.19056838680510668
13170.271983096336,2464.7804016864657,489.4566731692792,0,1,1,35.09772914923607,0.8500164817361057
46834.156717423684,30473.800042665916,2287.8821458430143,1,1,2,16.506819977542147,0.3981760349207502
8648.086970309898,3270.8400884181697,143.4453988376141,0,0,1,13.05766980871414,0.63837150339522
2723.075659920285,1665.8693911813264,56.64340564742781,1,0,2,27.365836545871097,0.40904103061866204
22037.30447015038,11691.702680967835,1657.769966133096,0,1,1,20.00060008333601,0.5446842090680489
49622.59042076393,10154.532932805372,3141.384999268999,0,2,1,10.005662905926068,0.8586702573551701
44638.02467961824,12895.510494423026,3329.627784056653,0,2,1,7.025525973939604,0.7857010300293561
37556.09696311899,5789.021119592068,2785.4463250498316,0,2,2,6.958060520746029,0.9200243093021137
44594.22829848698,24875.42006410677,2473.083666570687,1,1,2,17.07119628121532,0.497640451414737
44725.60866504423,12517.44864544427,3353.37878327685,0,1,1,6.954354196547754,0.7951046361202525
26183.48883912923,9204.975366175608,1025.5885946508245,0,1,2,1.690163040402002,0.6876127997388448
16138.488065624253,4652.586996889079,165.4701312875327,0,2,1,2.82310712393915,0.721961757052117
38714.615389493905,15528.19150215686,556.715321808226,0,0,2,33.5459590383538,0.6132861961890629
33252.232526804175,19572.40248530558,587.3711861739433,1,0,1,3.553646940604751,0.42905995007017766
18996.05757924865,3991.827292551828,316.7543538854128,0,2,2,3.5613241703335845,0.8065349653034809
5176.1000690450055,4785.191741485262,179.192274559884,1,1,1,16.791595593673634,0.11014095448599223
37466.08576177678,11138.986430586167,2213.8319117150413,0,1,1,9.57850988172614,0.7617804385646113
13491.795538181801,6930.225573488578,881.6269982631107,1,2,2,34.69428482603742,0.5516832019794604
46872.25095142207,7813.058102987128,2405.246239210145,0,2,2,32.884504382423145,0.8846265806738921
12428.043462781396,1701.1308317809628,251.67449456204494,0,0,1,15.166013703494349,0.8833721219627494
6576.517654368558,4685.034381021065,410.0663428617459,1,1,2,16.705603179569074,0.34996478944755777
41640.077270182854,23163.322526320753,1450.579325696744,1,1,2,14.128977857644957,0.478561409486821
8087.573672912456,4976.150612351835,88.23166325399396,1,2,1,2.325314082509488,0.3956260373282475
9373.781253808085,2272.007342823584,277.85015712080383,0,2,1,11.249639373914803,0.7872622443698846
30169.448180281754,10190.608720547663,999.8770218598241,0,1,2,5.293571436419444,0.6953629498369563
43790.82102145449,21824.938330177738,1278.5688106213706,1,2,2,4.582961550529296,0.5308064786113497
10223.515952871376,1236.3433371159094,683.2468819228524,0,1,2,20.630155052773574,0.9458995850602928
15861.021808554691,9943.523222829697,1002.3348596450859,1,2,2,4.4567700199746785,0.43627917096979507
38981.53949293829,26200.08186658421,2287.7736209340487,1,1,2,4.602596332834226,0.38657352796489736
48605.40809001788,31102.789107758137,959.001980637333,1,1,2,17.8179800186772,0.3798264779241417
25286.688717015946,12715.804692788142,1682.78800985565,1,1,2,16.479882779292357,0.5636828211711191
7622.926376286913,5193.485874449715,437.5736387314256,1,2,1,5.817217479632928,0.3761041362654654
1189.8462415559766,191.25194498758398,28.126344643693976,0,1,2,1.155715868310205,0.8629019493051735
11867.973484943335,2224.240554312065,657.089045472796,0,0,2,7.754105461874534,0.8679512124940721
7025.199780432791,3419.3444169057825,308.02560899943103,1,0,1,9.256228896371425,0.5571202378368979
34044.10434383644,13826.63855668275,1387.450597889667,0,1,2,29.008695526310365,0.634615502491692
6530.708979112291,2129.080254244127,116.56415232301525,0,2,2,33.04034226845253,0.6918380365197854
25563.331615221334,8246.71045830428,1183.1042018234116,0,1,1,15.20805391207894,0.7236820942276968
34865.99056432288,26137.825735545935,592.5554112526592,1,1,1,15.175935427534224,0.2673298560909714
29265.27215643467,27436.716781496514,629.1371272072126,1,2,1,25.936844931595335,0.08397982731915188
10388.894757172851,4102.500441135488,200.27962723334525,1,1,1,22.942270549664116,0.6243853744684521
40304.16404602201,6504.882910296086,3094.8592022715934,0,2,1,7.44490653426932,0.9153927692401536
35912.65291598218,6322.745396983252,1075.243802074931,0,1,1,4.769119280355148,0.8538815384320152
37079.708193819315,5484.149849631734,1292.7581687067989,0,2,1,16.31641617292678,0.8869626573376437
6987.358702087006,843.3043936377143,227.40807792319475,0,2,1,20.768992710696704,0.911855632153168
6625.8132806920585,3737.234538245062,482.8729138403435,1,1,1,5.854766110558324,0.5088358988491138
46414.34627482213,21072.46383041197,2293.2220952215043,1,0,2,11.26457226929556,0.5954000596281708
20180.120594334563,5856.373594317604,1500.2142383598878,0,1,1,11.70800487507012,0.7841361088208423
15396.960243156518,3944.7597007500467,477.22483199908515,0,0,2,10.14543703584574,0.7747909448365189
24684.9102449009,7596.125491015067,445.27695664386437,0,1,1,17.126644320212687,0.7103149874385979
33311.77853179733,22016.6676473103,1630.1215991892416,1,0,2,23.85722545119085,0.3880078774941019
47803.35122382501,32141.100542862485,1634.2813447936005,1,1,2,18.828645926559734,0.3618267670141
14679.088230661722,3012.0157300947876,970.779163617305,0,1,2,8.050979678657047,0.8609425507632181
46278.01725094534,39546.28766802437,3311.638190704376,1,0,1,4.602866646658992,0.2170224303077761
1730.5448236196876,481.3194325197393,74.55212325179794,0,0,2,29.76546620145451,0.7649484117856433
27982.30309517782,741.58223082314,2182.483414785556,0,1,1,17.7756638951225,1.0
31881.76802821371,15294.159496493074,1552.989947222157,1,0,1,3.174871444685702,0.5689959999360547
5741.921485662288,236.22059038858222,166.3114687948492,0,2,2,10.03425248773453,0.9878247862203797
7446.810054663675,1877.1930365448573,329.3596454371435,0,2,1,29.141182243445417,0.7921481305759424
21246.15880615704,12437.148107655423,267.9506158863432,1,2,1,27.310421367074248,0.427228347354605
48328.479651087495,9365.523695694226,3203.215556436583,0,0,2,31.653582151408223,0.8724911649663497
30004.106385101455,25242.788752146094,513.0838278420101,1,2,1,22.07307391005922,0.1757893200717478
46684.64946921045,14746.651132208246,1475.8135418858985,0,1,2,15.801707702531925,0.7157344493059812
40315.86532284205,13591.760380855318,1998.5444573961993,0,1,1,15.932224914405774,0.7124403549167859
23635.38927698693,3268.0931992875,307.45526044230087,0,0,1,7.790001557253031,0.8747370773483353
39345.790737983276,5118.990187147613,611.9129355823613,0,1,1,23.777963653125866,0.8854495699024229
1382.9208068608928,351.83809257619265,81.21637371435668,0,2,1,21.477406463249892,0.8043114851412764
5902.627839903879,1598.2005710575738,88.68342114278936,0,0,1,6.420254400009256,0.7442635397559867
41556.716436695446,15676.96425248928,1803.3869816283234,1,0,1,31.998202201588118,0.6661531886910511
39942.44587209551,9121.383047960733,1346.4076990725948,0,1,1,13.896387115870896,0.8053455370813966
12015.716727338468,3024.219521223217,311.9947962874204,0,1,1,2.740856793237397,0.7742769086121286
26773.094734653147,6002.048603990644,621.5246194950442,0,1,1,12.475832227292434,0.7990324227429921
30497.78312465054,4647.653254192353,1934.7424762280623,0,1,2,31.444985014905154,0.9110456400428816
43453.07821191255,8049.933818006406,3328.851395981707,0,0,2,33.09348050516246,0.8913521753510565
30353.80428826692,17568.080651165426,601.3872350840443,1,0,2,18.163944604087174,0.4410356851829689
20922.292679047176,5458.542530069852,1614.734121020685,0,0,2,34.47189790256963,0.816281682508983
19022.110148655545,12793.795541224119,982.175751224104,1,0,1,31.63346332241916,0.37905838533718916
21581.16327548874,15747.834073657628,1185.1560910441394,1,2,1,29.883075098472887,0.3252134837813235
32770.58576620872,7035.1327632796165,1956.2350860451656,0,2,2,31.089852263877212,0.8450165732932508
43440.78627174008,8482.302509297753,2575.531338522571,0,1,1,14.365639425908821,0.8640270658586637
22967.89566277684,6948.217497209202,1547.7324763473725,0,0,2,27.476412926444027,0.7648680967488815
12768.058366092228,8596.751445099077,559.787500761753,1,1,1,21.206865107665223,0.37054141562503645
12214.786968380267,2417.2568468347827,578.1881763811822,0,2,1,26.188940060910735,0.8494391531170954
37427.7068720506,26006.537967566852,1222.6842175023937,1,0,2,7.222513765327112,0.3378206729364985
40920.153789483564,29362.266210893275,710.7025226529654,1,1,2,26.598786912122968,0.2998177906261015
5711.2649527791855,4312.018608622982,322.8281855329686,1,1,2,34.51573519679601,0.3015224374857946
3794.663419281319,1758.4413699170773,46.8743306344099,0,0,1,11.593216283350035,0.5489541890366589
29924.466355944365,14843.434942579226,876.6208904458719,1,1,1,35.51564633844695,0.5332643902149685
7735.575587538565,1946.7951747434101,128.38031260722815,0,1,2,14.243160518187988,0.7649283053913257
41320.87742758889,10386.139875254647,964.8797185650037,0,1,1,7.99032239573615,0.7719975774183511
15861.566359241684,3778.7195399665,867.8047568358747,0,2,2,4.930018043008344,0.8164799921267176
7621.660682071561,3979.181009236589,411.51910036307135,1,1,1,28.47366696508622,0.5319049144675606
46088.038388128785,19436.826396934175,1819.27203343725,1,0,2,20.418889013179893,0.6177412842974285
8693.820275396269,5312.980778877694,141.81392977734527,1,0,2,11.74959527817101,0.40519050483078395
14593.64407572781,2302.837936650353,588.6517689531744,0,1,1,22.295762942781526,0.882538853297908
8103.8630620069025,4945.943364268631,281.1403602356038,1,2,2,12.623541574435166,0.4243729233403656
6216.758151435071,961.8243386046814,375.69200330487695,0,0,1,16.692521506496057,0.9057173657037789
1546.8268086537817,182.5889809980175,78.16403972056922,0,0,1,31.19324440135819,0.9324908640752547
3242.0727536308755,2036.3971318263243,143.97916619937448,1,2,2,24.385826690070765,0.41629380046836234
9144.752811324708,2451.8050096175516,403.1806817488827,0,1,2,27.684064389665075,0.7759781625445701
3142.4056650451816,1004.0420900617883,243.97883353543838,0,0,1,21.42227430143517,0.7581269455497174
29761.618897493074,25663.552663851067,1873.214017024927,1,0,1,35.69893171099673,0.20063694354912645
34195.36907657557,9686.684412442954,1531.561655307142,0,1,1,9.449352320181244,0.7615138254869073
19984.707613185397,6159.482977288021,870.2457421467606,0,1,2,10.180190625158517,0.7353357708545328
16240.559299126446,1960.1159855917767,192.50807203642293,0,1,2,4.239562855841651,0.8911608965554265
25474.04873260039,2434.583040601741,1935.4073706575273,0,0,2,20.390682572474866,0.9804045412967513
43812.74464061312,34609.419067702634,1416.9995868741908,1,1,1,22.467573274292874,0.24240264441091297
42631.01552769919,20854.343616077167,1190.0761634432063,1,2,1,26.408655051458695,0.5387333093236485
2652.0155696332013,330.7771806449666,212.05151783542638,0,0,1,12.740607408224136,0.9552319133533741
9484.171275027942,2326.544314898592,571.974028420253,0,1,1,1.4289880652759521,0.815000147551303
12218.871119667603,2922.4718429132895,162.69994011463677,0,0,1,23.1280337980912,0.7741385537362367
12844.685003694485,6315.721587530829,184.08981214572796,1,1,2,35.95434223821339,0.5226327641649853
28776.01626126725,16212.50004064765,339.1285019571206,1,0,1,11.309227382649736,0.4483818957227858
21104.990072308017,15776.50952132185,1096.8964652201955,1,0,1,7.437705836415691,0.3044482368478883
2938.0789364159023,450.3509927046304,44.09913988005989,0,2,2,10.861843523922362,0.8617287480641523
18993.899853748793,1571.9218918000367,1430.9469467572308,0,0,2,15.889541617196652,0.9925778831030857
26425.77096152304,9595.494316663631,1997.3511443446919,0,2,2,9.781952513339764,0.7124722232936124
5532.75919373394,3646.506748109004,266.8105880026766,1,1,1,13.143600887863547,0.3891481552398012
41756.198412533704,7329.789766036156,2219.956813903683,0,1,1,23.33723585027769,0.877626959675556
3072.1123900226607,1259.996046814154,93.49239242550448,1,1,2,13.075979539491515,0.6202926500419976
46279.67251639407,23632.492499752258,670.0407070526622,1,1,2,14.862063067427913,0.5038328807412067
5406.100508203837,1316.0366049887373,333.13597520925754,0,1,1,2.401094197974238,0.8181867635853397
42256.960104088765,16475.171105622627,723.6512536414598,0,2,2,33.12798755680044,0.627244368426373
45181.330624417045,5675.234304996605,722.4058708849749,0,2,1,15.241008597019878,0.8903788718556463
48988.748689036336,11750.32438410796,1557.1376347021996,0,0,1,12.4850230612178,0.7919280034256725
40200.28107354288,13306.990879554887,437.0814227829312,0,2,1,4.026946868588458,0.679855237001264
39084.13826818078,12282.109123929082,1578.3149440492468,1,0,2,23.196412538831428,0.7261345739175725
32302.92216177961,12083.048234227466,1923.2405163763815,0,2,1,31.233873259231423,0.6854833235529375
39060.31955161739,4222.652223379195,2581.6693688743385,0,0,2,2.4403620018340106,0.9579884938643083
7160.3343164507805,4581.464436835272,374.49630591963626,1,0,1,6.084536357811242,0.4124620520510924
27035.367779408047,17021.52102860993,1873.042565879522,1,2,1,6.123644011017257,0.4396792162646846
25954.032074425515,9866.434817590945,998.0663071869919,0,2,2,22.07961993717275,0.6583047872880363
42949.8211340666,28609.345114572836,2981.3208579262027,1,0,2,33.24306759514291,0.4033031202470085
23408.568596879035,7367.265052083075,1063.9927521590714,1,1,1,16.321892847292837,0.7307279907424843
19561.930056967496,9894.942425017483,501.0305000952402,1,1,1,13.033225686784773,0.5197860386185996
32158.38192623695,19828.363555811102,2446.9375602134555,1,1,1,27.804423995884193,0.459505579743839
13689.93421629188,3102.172136335374,400.40266435876816,0,1,1,26.9899171614478,0.8026455475029726
7418.536342220865,4876.302512068746,87.79172980891745,1,2,1,9.636464874702337,0.35452081632233307
24154.92506417542,8326.782066088013,651.8733832236956,0,2,2,6.628922680776012,0.6822631963264871
21136.023745446808,14224.844289164408,753.8824275872564,1,1,1,13.523351134537473,0.36265392091645854
12012.212056179247,6898.457307912764,415.55620366973653,1,2,2,28.14611872793209,0.46030747093678437
18691.834600698836,531.5875266931888,873.408227488577,0,2,2,25.32721864702424,1.0
18636.42626639925,3640.4814413985823,1338.4472941296215,0,0,2,24.304879722467184,0.8764766316050927
16711.030438421,10861.571158709286,509.07941519230496,1,2,2,30.029999605712135,0.38049949812100436
19283.471946482983,9046.7700874486,895.7932981041763,1,2,2,10.699560931948781,0.5773076128631991
34444.295600069294,11220.331509116708,1164.5522226167914,0,0,1,12.888930391432853,0.7080567591436044
15195.385491278623,10773.637654327615,1026.0549445594088,1,2,1,2.4818807713211597,0.35851691848404754
47468.46737240935,29203.742134437864,998.3618341204468,1,2,2,31.40610215312367,0.40580806877469233
45859.22696713981,0.0,790.8753318216341,0,1,1,21.385040722276234,1.0
24305.06620085389,2348.583878263312,1098.8239670144014,0,1,2,11.434280215929267,0.9485802712520486
16753.879647732094,7980.588250569702,955.5094588877439,0,1,2,3.429578600727794,0.5806894319768547
27004.022096585155,14431.367021204229,1773.80682857103,1,2,2,26.31933261068609,0.531271299239759
42503.74419429441,505.9141284874839,2179.3259162369673,0,2,1,27.20581318421714,1.0
32803.07335772505,24544.233297876646,2104.9562677656145,1,2,1,24.316252824025792,0.31593979669509736
40317.39548338033,10143.964390786772,1511.4872267249582,0,1,1,8.132333983135535,0.785887033114024
26869.75266525414,19684.58891692677,330.51775860456183,1,0,1,32.96256204780117,0.27970787824372584
31829.422648747226,9015.207829762123,576.97040231727,0,2,1,27.36053066573067,0.7348919105267852
14763.702902031855,4503.329427513822,187.6552576300313,0,0,1,24.02147132543896,0.7076834857405695
36877.21153435939,23732.73917864326,1217.908836049014,1,0,1,23.783037319762563,0.38946494580761254
10519.027359723059,3510.1846762728505,470.03636186901076,0,0,2,32.652519503207444,0.7109857964582877
34892.50737651566,18258.95789121832,1219.2218036468446,0,2,2,33.49074965839933,0.511650570029254
43105.593882131754,30886.052902259074,2122.604070013688,1,1,2,21.8473096303584,0.33272120293954494
7039.090446426425,2888.5561005328277,307.2044930577147,1,0,1,15.583429383689193,0.6332833585359593
30911.79715682503,20203.931513062405,1776.0680978285925,1,0,1,13.730689284579567,0.4038566142970074
5207.239537381763,2015.0855387647978,295.18461773697123,0,1,2,29.667759437825286,0.6697096592770523
36422.92359943563,27110.459710394854,1175.1670650844924,1,2,1,23.561186894201676,0.28794039351327005
4682.414331764252,2569.743644657194,160.30251025291363,1,2,1,3.7043110588778774,0.4854276098423684
46829.02122368099,18253.640283695142,2386.4231953410003,0,1,2,5.976510455525952,0.6611670140923159
7301.692536871207,2638.313904810844,377.8645803369486,0,1,2,32.50650632866962,0.6904211848062144
47964.57217249948,43585.50709596545,1536.2569921479287,1,2,2,31.95743518365753,0.12332690151823172
40143.76671621228,6422.994310647341,1329.6519575754016,0,2,1,34.31413570441141,0.873122460354101
29887.25922108453,16112.578025953851,1750.889817624524,1,0,1,15.97478385649133,0.5194712200910814
39239.89317916257,22102.486456096485,2170.7021390799755,1,2,1,28.44213176742475,0.49205304341651934
39858.18452966275,21570.186927784827,775.3834378630407,1,1,2,29.987875956001254,0.4782802143322373
47328.33960945785,6777.30038585133,1934.4479865235253,0,2,1,12.049391704336758,0.8976754215489099
13042.476015039767,0.0,945.4415935548132,0,0,1,6.086819892949978,1.0
29708.756820236304,5877.463490492041,372.5893233831113,0,0,1,35.89592265737105,0.8147053341740893
5204.93527943786,1531.9319953406748,363.6244624275082,0,2,1,2.0576721312972466,0.7755385090899064
31000.202151194004,16765.324060788214,664.1009314072818,1,2,1,21.906757154900504,0.48060909245519945
8978.919552593046,7472.667565617051,408.60732200849145,1,0,2,23.757429596359813,0.21326166224882695
28465.055267885873,7161.9530067566575,1130.1637457818183,0,2,2,24.862626968937693,0.7880984524987072
28835.31044467556,11676.094443088577,308.7988855255423,0,0,2,9.94697103891814,0.6057855669918057
23566.265072570754,14879.043372555485,1745.7367313508626,1,2,1,26.255273550459776,0.44270733606867807
26370.272887899577,9207.678575387718,1103.4578960666734,0,0,2,8.573984714844293,0.6926758887262104
38314.2078053261,10862.422222366647,2942.4843921018255,0,0,2,30.016338951308885,0.7932897929012156
40062.6134673473,16596.104122196546,1204.765839506953,0,2,1,8.66908359296221,0.6158179172401177
24861.58417098374,15083.839406004661,1756.2050056344042,1,2,2,25.384711017662713,0.46392658212322996
30179.87535536931,9341.71217460278,2250.430919613316,0,0,1,28.419472004189156,0.7650327852090398
46596.19366666004,30006.082638736003,2282.200914582703,1,0,2,7.613101266176606,0.4050183171079494
6426.812630805579,1384.3723628729676,155.44817800169446,0,1,1,9.329527067141097,0.8087817001260185
6296.62651205547,4083.9785959838605,364.99856550259125,1,0,1,28.268630855702842,0.4093694419764392
4841.596089583036,2508.558507860817,234.47106510814268,0,2,1,4.009964007223349,0.5303021151133404
33064.23260950613,7193.20206553539,2516.7527265781837,0,2,2,7.676633336333245,0.8585647096611367
21221.110889123785,6373.459042920931,864.7399882834518,0,2,1,16.94358171664703,0.7404132571843447
38828.91009902124,15567.80982168541,1118.1155609098967,0,0,2,33.55636750606697,0.6278624812304544
33725.954958775335,13046.224435060545,663.7298324519581,0,0,1,20.665724221255367,0.6328496963912738
17015.069037247787,4277.689938075655,1002.2615785784632,0,2,2,14.568724687287892,0.8074983796817438
44969.14409439602,0.0,3516.0327483212104,0,0,1,35.24295777778668,1.0
38245.34127999729,11932.712396744977,458.33461530652835,0,1,1,17.229895717745098,0.699979725702182
13891.479575053698,4635.0739853098685,858.9265023145987,1,1,1,16.18072407906187,0.7281680858692352
18527.504879716675,7899.988526226073,1387.4345258808908,0,2,1,15.407551091070323,0.648492657666229
16064.779020111013,9965.574646914905,244.7422077514166,1,0,1,11.926302541237868,0.3948978428527232
8301.776606937483,5976.954411290862,147.04026329668886,1,2,1,12.399318340815453,0.2977510207727907
7815.276940838487,1107.78943005363,456.7013142978309,0,2,2,25.074297097532433,0.9166903334732058
46838.30943709933,19376.966609719137,2592.8487316590044,1,0,1,2.4292459069658396,0.6416583331087117
22176.249841338285,13999.65642919563,328.60587547244614,1,1,1,24.86358539762116,0.3835273929751971
19474.331227481787,11606.070194078427,1332.2310664145173,1,0,1,8.04215743440555,0.472442005445318
36619.44257953021,6994.866517807692,1707.918693659198,0,1,2,14.447280112157252,0.8556245684880024
27873.156730018545,7251.462440124047,2048.783387345264,0,0,1,6.12886403961162,0.8133444624456313
46838.92934850388,27264.58044393551,3347.079992526396,0,0,2,20.346286542536443,0.48936705462561814
39124.923948514916,13699.32081599759,2616.500566501717,0,1,1,26.527265573324886,0.7167324781492246
24228.79342416475,17588.6462449482,1117.2604791818958,1,1,2,13.412945161972763,0.3201730900335113
19129.793937300896,13415.197022160772,528.3600289674775,1,0,1,6.719580213909204,0.3263473179360576
49338.26147375394,21093.856179706494,2240.8592345272705,0,0,1,8.927695367591145,0.6178828280115161
36029.13168218035,20795.704929469015,614.5415652335691,1,0,2,29.63395214839504,0.4398653971942141
47584.13567019014,163.1490174341176,2670.385072733824,0,2,1,10.367705727094835,1.0
6364.689572243547,3674.778680040558,123.33753443258917,1,1,1,28.11459075539295,0.4420087413067518
42601.41711994374,14800.085268711695,1950.382652914584,0,0,2,12.591979238217387,0.6983738221754704
32035.157257564773,15492.969374623684,442.30102918440605,1,0,1,7.605639402003689,0.5301827856054862
6535.123077588073,3782.7650633756143,202.36579988126056,1,2,2,26.455799586960087,0.4521297883779449
29618.770998476422,4945.968397419858,777.3633712307194,0,0,1,17.399076031632234,0.8592580014071628
34461.770072719715,14826.95292452199,1840.3346131206272,0,2,1,2.094703794618224,0.6231586977686413
1108.9829514858404,765.125977246385,72.16714302105773,1,1,1,34.59798467705395,0.375140227992788
22988.739111166455,7544.556459588987,322.09997816784767,0,0,1,6.17137057752376,0.6858263323405617
41357.2758042179,13424.247384695436,2875.151939558039,0,0,1,13.3692441758582,0.7449277003863604
15120.271754532449,9004.576794170505,1062.255620111852,1,0,2,14.467812224849757,0.4747236489530775
23198.13004902828,14468.830389506042,787.781475286868,1,2,2,18.130046474044466,0.4102520812968612
22394.54928986071,2413.6363817075126,1257.0124255299772,0,1,1,28.490540781695973,0.9483524342818008
15445.405876403334,0.0,589.7505767692649,0,1,2,1.2131597886294367,1.0
45962.87382801993,12318.497663966778,955.7226627261177,0,0,2,33.636521796762615,0.7527836261118713
39174.05475386004,25027.474296986675,1841.4300847155557,1,2,2,23.60963110710539,0.4081275385467605
5974.1263443074695,2360.4475039329855,95.85591589988115,0,0,1,34.27271077021275,0.6209334290040665
49853.215562959864,21863.64107005441,3564.1584766605897,0,1,2,29.608633809577004,0.632932752947835
44020.40120323339,19298.535884583016,3288.336434639906,0,2,1,33.474337632912594,0.636300464958799
14553.467674269928,6989.116112182617,982.5470928602675,1,2,2,22.03501928274873,0.5872757507860636
41926.380693216444,8709.291418078525,2070.197576834,0,1,2,13.50581440070112,0.8416487726468909
5767.766827633452,3793.114842735186,282.8045742683329,1,2,1,16.50199220897613,0.3913917858730164
49955.68415847481,45151.374143163266,3942.628300375384,1,0,1,24.031130863443952,0.1750939550330038
33451.39443727358,26012.202534731594,914.9999489474045,1,2,1,15.94261509182177,0.24974121384251297
32681.18827016045,23998.700490138555,500.55768184874296,1,1,2,26.60854742137262,0.28098872617355886
4976.815985714571,2754.495675879309,245.5355198695344,1,1,2,4.2146805628010355,0.49587041931799725
44903.15324538295,22182.87814114686,1482.4772382877634,1,0,1,30.049532714471106,0.5389989475853222
1935.4754086212365,667.098269109992,63.02626784727058,0,2,1,8.146602387470146,0.6878947680905744
12420.988873036778,5812.037165897556,130.37038610181924,1,2,1,34.03816633336529,0.5425753265000197
7579.582820748433,1678.0259368192387,392.1430472038735,0,2,1,6.444102997804377,0.8303491207859915
38950.01306426482,9201.030952492476,1109.3882613555447,0,0,2,5.520746863583923,0.7922557130395237
10311.109247038445,8157.628416847889,238.7031934087184,1,1,1,29.41566387055875,0.2320006476787507
45576.59224297882,25406.048024185984,584.7583979784399,1,2,1,29.6545639696055,0.4553939115526716
32985.31744671076,10136.05962881539,1171.153933047349,1,1,2,26.856579695843653,0.7282152669820067
2290.054169487463,711.1382106104741,163.80258486895568,0,2,1,34.61856623666466,0.7609944633475558
768.7767893706728,127.70718423116723,25.805497071474488,0,2,2,10.468887003989561,0.8674495789042872
3057.0668922127466,779.9058302599564,175.8889388799767,0,0,2,29.932705864660065,0.8024194717758419
30493.296293562522,7306.054617451801,1919.8057129862807,0,1,1,13.321418551519729,0.8233628515391883
40173.349637541054,8723.86465084375,1324.3970930524729,0,0,2,19.808951894926924,0.8158115361414461
12308.364621055729,4244.427161914747,830.9974089933877,0,1,2,16.596001039546508,0.7226739816366785
42545.73772469211,2810.4103813586644,2486.014514853669,0,1,2,1.2047507935762534,0.9923753615790113
3332.981037586389,1793.0047895995965,163.80587243331146,1,2,1,21.10617677387052,0.5111886630035899
40147.710755262975,13332.434442592183,404.26626872740496,0,2,1,27.162706071738356,0.6779849229094583
46425.87379352788,24434.393602676977,578.2971008388151,1,1,1,7.109333425134494,0.48614652665592084
38719.36575566684,15756.582404632725,3072.7924498484845,1,1,1,33.60795516625631,0.6724174141998212
35056.97880694254,11576.748361713986,2270.2855529787553,0,1,1,19.563983879647633,0.7345332334544408
41980.02082344146,16152.709522576099,3174.9308442980664,0,1,2,7.238610110288273,0.6908582124611216
2487.4893275797876,608.4413200384412,181.9877647490221,0,1,2,23.608164982090983,0.8285606492614227
10488.214480593242,3825.0363843468645,119.89087223363504,1,2,1,7.71729479803704,0.6467324806363365
6683.722125629332,2237.1512053316305,437.31132881902886,0,2,1,3.2236671903367746,0.7307129406815172
25474.28401455283,1294.4363648062654,1059.2258771883114,0,2,1,24.986033484673477,0.9907667478511434
37386.812352277804,23817.489885531657,2440.2026325149577,1,0,1,4.874320915692307,0.428213161058266
31685.586306531735,15636.974390383946,331.75141217606586,1,1,2,4.717610693175236,0.5169657638604961
42630.98943821578,4724.335798566838,1286.3453899729277,0,1,1,26.898024711363465,0.9193546653760752
8183.043125833999,1611.8205341583623,512.1984713718662,0,1,1,2.9320781622824907,0.865621866354954
36863.7440507905,8405.091908065244,2414.997516965458,0,1,2,29.341921266678412,0.8375071619733824
10055.553798010753,1736.5439632366908,536.7656838149577,0,2,1,28.865206552673968,0.8806850121313975
13902.558190231113,4457.777337417692,432.2018011783891,0,1,1,5.94876998272181,0.7104435398754204
35640.282515424544,19476.404868884405,1130.7015556545527,1,0,1,19.14332265469391,0.48525370680521046
49020.13685248475,35177.97299199993,3807.5644946496595,1,1,2,4.381892183912982,0.36005057285432374
30771.408495864944,8731.103444537155,1253.7765018088824,0,2,1,23.13999269250955,0.7570040726691768
3197.765592069132,1650.9844231910552,132.06384491402173,1,0,2,3.20255045396913,0.5250056533086256
31007.294011412876,4529.769193949651,1508.917018633324,0,0,2,34.05682997129615,0.9025760785767233
2596.352303218271,1044.5136846619152,100.38838651656113,1,2,1,8.270575737935356,0.6363647194661999
44265.21271265745,28103.45154290268,2155.1408328264965,1,0,2,24.901312958202578,0.4137990281778003
35624.125112480724,19858.65052989523,1434.3512345108186,1,1,2,5.490199853198852,0.48281398526389196
9069.82839791391,2860.0482748481645,615.5696558142312,1,2,1,8.335875691437177,0.7525335077397748
5040.189788297805,936.0348913338606,371.1271745750092,0,0,2,16.783237710917973,0.8879193561182079
9584.89482957579,1359.8657384006317,721.2414649886742,0,1,1,21.058364946953066,0.9333718016976696
49011.34538793253,21519.965789771388,2426.0975910296006,0,0,1,35.96021341370891,0.6104194233475778
23198.751801695245,1059.407343558046,949.9981431037015,0,0,2,1.907417983183045,0.9952838324497117
39312.006942899694,16787.71704818392,2333.828215563498,1,0,1,1.0110046875430436,0.632328900083515
32002.212934334955,12263.131417901704,2197.9968347003096,0,0,1,13.262848315023179,0.6854862942180295
28834.45092295255,21995.2530351273,1424.674377284498,1,1,1,13.815472873084696,0.28659717804897095
7683.94760591996,1234.0577172633368,453.34270083663966,0,1,1,31.934303263452108,0.8983966241746353
47328.210451125706,8242.193711372656,2957.1164989737313,0,0,2,32.94038916940557,0.8883313532875565
15416.460309478538,4994.1353012408235,884.0964499586091,0,2,2,31.81837417257616,0.7333993167838126
29111.852182473336,9337.569073179731,1811.6116066189759,1,2,1,6.011256267011673,0.7414813245344888
35138.909257158775,13235.307635514737,864.5989511046338,1,0,2,15.42366923133757,0.6479484154195867
32637.04118464279,7059.783388304356,1464.953355003395,0,2,1,27.105980680325814,0.8285742263936112
47059.42327992816,20517.290562666603,2408.444756739545,0,0,1,11.94138737244845,0.615191930886861
7847.730001042871,4298.298950394141,79.8385292733306,1,1,2,24.213330997869292,0.4624610657400004
25663.460553123634,6726.7116230473885,1794.3218111237231,0,1,2,9.30000021168822,0.8078049606087392
20499.702341667915,15088.902517689361,1080.3694825136881,1,1,1,12.319674028628283,0.3166470028834624
23971.352109389598,12053.42312278434,456.4035945015752,0,2,1,31.115037727196935,0.5162133752254967
6401.267546788358,1157.2095174276446,429.8130779368389,0,2,2,9.76781626311483,0.8863668118581054
7137.683188701884,1769.9997731820838,429.6456137163162,0,0,2,34.751343040970205,0.8122143944988492
14264.73951617224,6685.122053027524,899.8335775536003,0,1,1,11.719084632789642,0.5944343414813135
15582.87788616115,1049.2900206949625,583.4692655184422,0,2,2,1.8234838438147074,0.9701068853533014
21681.209077226824,8093.806273444063,1513.2221107084442,0,2,2,9.921531633089966,0.6964844470021909
30743.8835783131,14689.493246239566,1198.4559406132778,1,2,2,6.992172978519902,0.5611797946326164
31914.141312204018,8370.973440570147,1593.6530940128396,0,1,1,18.738943817614242,0.7876389566538127
20884.639380985725,4613.11848781687,209.78539349000278,0,0,2,4.945062321475101,0.7891592469470241
20734.763916720505,2799.993654777786,1143.3380644032043,0,1,2,22.91171070358934,0.9201025101115978
11272.612071499618,1488.2978190066785,679.4263179810088,0,2,2,31.621467469477313,0.9282445367679486
29621.159296245907,18755.221247587266,1472.1021727100112,1,2,1,13.688160863130749,0.41652793187376486
16193.525110203274,5982.936210606494,724.8078881762369,0,2,1,6.8972451756891555,0.6752943978135313
2284.9617967295035,1335.4040058850862,152.39679098192946,1,2,2,15.000874852454453,0.48226389754243987
21210.80218576459,5481.159307302271,1223.780356157467,0,1,1,28.508838750771947,0.799282511153581
23969.56741696343,16024.635884832183,706.2676851079864,1,0,2,21.702068592785846,0.36092429482547606
11666.846976108443,1556.4244387643375,899.9238009582144,0,1,2,4.540012466466109,0.9437293864271542
28836.667689544727,19861.632660632742,1716.0327101663893,1,1,1,19.801550401446168,0.3707456025841232
28505.709071380086,9929.141982376463,2256.390068864591,0,2,2,17.382988350945762,0.7308345533767001
35249.10796496338,19825.33753184939,2749.017729604399,0,1,2,12.44892896074065,0.5155531362887716
32573.4498689599,18073.948601772143,2420.9786839934,1,2,1,4.855620861866315,0.5194561834638561
32795.436297791064,17874.502673180505,2062.046111277229,1,0,2,35.33891774670962,0.5178458240859468
16152.600515290134,11182.056133184793,850.5968443660954,1,2,2,7.161516196263946,0.36038415120593825
39477.89498830472,13749.854750851699,870.564426548932,0,1,1,7.746001177676091,0.673759446188348
27682.646988184133,14832.072739929696,1329.724853416837,1,2,2,6.095394223578254,0.5122450576248685
21855.20066140456,12055.776252423308,1389.4740301059674,1,1,1,20.956756354462833,0.5119558777992088
31487.617806582326,20937.241206009217,1462.9147582258554,1,1,1,16.528435106894513,0.38152430052322495
18352.538055287587,2765.541961177198,1298.9327957136952,0,0,2,9.73450137092946,0.9200868478765555
25880.592608034534,14253.37201735252,457.46310186370863,1,2,1,16.029818405753485,0.4669399915052207
36966.9315798699,22577.595312085155,1355.423020561497,1,2,1,24.573264787160127,0.42591469227919226
44376.94289282353,31929.77143262745,2015.4902166094325,1,2,1,10.859518602452056,0.325904867122885
46092.331266111985,8178.999652530361,1855.8049652954362,0,0,2,33.033602161063314,0.8628146046523826
25429.829796563412,735.2746544280889,447.5919180165283,0,0,1,11.722118301219703,0.9886871937911894
26253.61817965817,9714.056733836152,544.6833066101229,1,2,2,7.936266078799864,0.6507386766853094
40093.585332809904,3964.0701020938955,2751.751481841808,0,0,1,34.40987464054851,0.9697627785046201
16065.309241337962,7107.61208736788,705.3778965129197,1,1,1,29.369621354136278,0.6014870243280942
41950.4269360809,9709.288254058241,562.5791316155288,0,1,1,13.009816869521295,0.78196386090708
24960.01150261246,2679.067398570248,278.4136559903538,0,2,1,30.45011479003566,0.903820006560148
6234.9078545957855,3215.151222496027,268.99436374562055,1,2,1,19.158498720383,0.5274738733181473
4066.927780110713,638.9537782486681,87.46542628559989,0,2,2,13.136337439137199,0.864396817012557
42178.663946453424,8315.062023195926,2503.6755616003716,0,0,1,30.386405633872503,0.8622197595217048
3250.611886890456,2466.240928195855,213.47627195399548,1,1,2,27.325777340255414,0.30697212259416795
14390.266088615968,9777.231887004345,373.87018761586506,1,2,2,11.425619492508703,0.3465470588603355
17039.43700482652,10256.64254155833,876.7196924099262,1,2,2,22.233748034029084,0.44951685630860416
9063.225036983893,1764.4000677818356,188.61590954637506,0,0,1,13.928657823192903,0.8261342787136776
16037.721805198467,3175.662672437966,501.1914058328536,0,2,2,1.0368190396135848,0.8332387044063696
37263.28205289174,23823.518329934133,2690.993423620461,1,1,2,34.663550949009775,0.4328861081984664
1226.800756223503,392.69927636999245,58.99300406855348,0,0,2,20.237017662549285,0.7279865776014869
41445.08451377398,5847.3170188610775,2984.552073941123,0,1,2,21.94514105830241,0.9309263093921661
42899.12716694063,10912.580900644078,1105.396665359363,0,2,1,21.99619989870532,0.7713896556188576
18926.947872981636,117.45404738766358,626.5142266335914,0,0,2,20.272451128679098,1.0
8103.838503501423,5068.186420006895,348.19479014030236,1,0,1,11.151674567075771,0.4175609955915055
30241.6001932815,20910.79363552016,1318.7032805683873,1,2,2,35.005164371781966,0.3521476962285756
6423.791515312269,3638.382612899858,512.8456934335459,1,2,2,22.758394438034973,0.5134435929285641
18563.5083733735,8687.410785740078,334.35054832471326,0,0,2,24.48224761938865,0.5500279327911665
47942.244454598134,6915.735225277174,3338.580564796712,0,2,1,16.917746506096744,0.9253861661844375
49775.491392890035,13742.657270669779,3507.0687682894913,0,2,1,11.07514901717739,0.7943648929231396
38719.19212205199,9513.34540064704,1886.5502079522687,0,2,2,3.2522143761225273,0.8030228738075598
15892.594741077928,3781.869863411063,541.6609777815331,0,0,2,13.258056879876019,0.7961183218713498
34539.419933721576,8161.02041921646,1600.7579912966803,0,1,1,7.163410024393724,0.8100644874607504
35417.615091458625,9309.612340132808,1079.2717526010717,0,2,1,24.173089388995415,0.7676201357353228
19698.163910600662,13823.285984541388,1298.8481042146325,1,2,1,31.76513596809518,0.3641824721751519
32223.987412014892,24661.93106338423,1446.1977677767225,1,1,2,11.59642003859783,0.2795511927567539
1031.018426295974,257.4762013482986,77.12940850148628,0,0,1,12.65089188949163,0.8250789818619204
10848.354100810951,3773.469019802764,581.3458749440156,0,0,1,24.46275763401541,0.7057504654443271
26491.87099687943,13664.188268882823,1218.6884096540618,1,0,2,6.224500198443272,0.5302143868700417
8605.689560785646,5954.402717697746,514.4038437642618,1,0,1,33.53030993371947,0.36786020045128764
8712.389959888415,4430.781899727807,394.45613458199864,1,0,2,13.734637335891907,0.5367142903693553
41897.06238223678,15957.719281170097,3071.7017530280705,0,0,1,4.541980607437113,0.6924362521987855
49462.08363283847,42798.398654878576,1133.2365443470785,1,2,2,7.113940172222453,0.15763431197489022
28020.486687408196,6594.6196769341195,2189.364135331673,0,1,2,33.64611266026103,0.8427844744187805
42033.951678644815,0.0,2810.1100055119896,0,1,2,9.6491750929157,1.0
49520.92238415049,9123.301333469155,3478.910924286644,0,2,1,24.179408134095024,0.8860200873199197
7508.996484154348,2987.266647314052,328.92068992269145,0,1,1,6.465782823839279,0.6459785321512584
22688.15785609038,7177.83467809076,1556.5008421723433,0,1,1,7.793559232207221,0.7522348940106024
19932.349434175034,5578.459297868802,627.3544705264272,0,0,2,31.773337661499216,0.7516045540094008
4462.439540486159,3217.5983108737005,282.63473299269447,1,1,1,6.1811627035896635,0.3422961697849115
37888.84355333985,11674.85655656227,751.3930210104422,0,0,1,1.6562705357697707,0.7116970983774209
21972.061852468352,8703.727439675285,691.9800767859845,0,1,1,18.54316163341967,0.6353666116232394
23731.683242424864,8551.257385778847,977.7758788601391,0,2,2,31.195438464202713,0.680870445237543
7958.312203755389,3442.7981249560444,259.1415882863793,0,1,2,12.409686589546865,0.5999583259416045
9455.869285427972,2771.0947857019114,350.72952081387484,0,0,2,5.485679472599868,0.7440356680249424
45401.629296732644,16282.437535864432,3060.4027054685957,0,2,2,35.378079034797324,0.7087762039555843
2710.1299042268047,577.6499642366085,75.7950498114688,0,2,2,24.685852032129468,0.814822561220246
12026.18810471346,6347.719159937408,747.6642907533901,1,1,1,30.774172118185476,0.5343449794379009
14956.936850569153,12037.524008302471,226.74484190363515,1,0,1,27.324839531512332,0.2103477279875389
24764.778348878528,6833.70589367432,1575.0829324362835,0,2,1,25.438479589621654,0.7876571763673317
29529.036064232398,20569.50330934943,1932.4281637284705,1,0,1,14.45974234958221,0.3688559590945988
24917.853804607996,15320.71255343077,949.8415333483426,1,2,1,12.351899762127378,0.42327011255580693
4663.70906056566,2469.9848336963155,282.4969365031287,1,0,1,26.093550856306592,0.5309553257321188
12561.538975757821,7553.47882944354,930.3036606375586,1,1,1,26.084955286203055,0.47274174115226886
42257.625045745786,32636.378639938917,2791.112252858653,1,2,1,34.27059344171826,0.29373062601669125
32060.640673683723,21372.54670530248,1196.8639757859826,1,0,2,20.90309362469128,0.37070244681425635
32632.877981646583,12877.691414146286,1432.41841681606,1,0,2,11.311738702568574,0.6492717251672597
33675.06113989207,7548.960856746035,2173.8945193337922,0,0,2,18.13350797656671,0.840384362924145
38263.69944245669,17749.583340879286,1166.3395955378696,0,1,1,22.479983585407172,0.5666063661648733
3376.369845211643,757.4695880207822,223.75807949466528,0,1,1,15.935542985191937,0.8419274152436158
18647.115054164315,632.9307654604575,614.7017744315941,0,0,2,28.689659317584187,0.9990224229873675
27206.608045453093,12982.064695752031,1807.0449708848175,0,1,2,21.46146242755432,0.5892534745162824
17253.59592321764,5726.24593584524,277.36934351924305,0,2,1,1.3302504669677693,0.6841889298570155
42301.70422771573,25025.62294715313,554.4827348466875,1,2,1,20.944396088120296,0.42150935384127736
24387.33917507105,13545.45666838618,1947.0188582661128,1,0,1,23.176132507965132,0.5244074096457357
38547.06567823927,28134.818317901685,2731.52211514423,1,1,2,33.03414380404247,0.34097976705142
42674.76808561787,7893.210112095582,3064.0195534332665,0,0,1,15.4802585782466,0.8868373332697773
25487.178403723155,9883.692562314021,1952.0527055946307,0,1,2,21.106368074497542,0.6887988253905446
45522.83607163182,30275.57369627952,1851.9664657862052,1,2,1,17.624910775003087,0.3756187073721034
29562.63505658054,18605.594130123198,889.1993882640888,1,2,2,19.607974996410988,0.40071665776912874
42588.57779226923,26296.81890819697,813.516350990849,1,0,2,3.355642473414876,0.40163997301098175
17359.244381780452,10051.069080069661,782.6352723010293,1,0,2,32.404928363658556,0.4660808037533939
25191.43944730852,18275.805241016486,639.9477703268736,1,2,1,32.8644318941069,0.2999265680082507
26804.846529726598,3917.7658152210133,2023.459264792885,0,2,2,20.182086344492145,0.9293296998239724
5696.495936855494,315.4091968292192,58.56123926984539,0,0,2,20.479443050233094,0.9549112365906197
20228.34908172626,6548.580385914096,405.04784270752145,0,0,1,3.0144612580384087,0.6962909568949216
45908.21479130797,31022.411844714305,1251.1507962088174,1,1,1,21.928267959191487,0.3515047103477823
31726.19589805475,20864.06452478036,759.1117314872415,1,1,1,16.020312645770687,0.3662980315101116
9286.57583062989,2776.0120083883135,239.6353583615968,0,1,1,25.816527058205306,0.726877086206415
17273.353962675446,9699.595487882743,965.9835145278616,1,2,1,2.6493720808450334,0.4943881777547882
9984.348978303642,3439.5875007715194,328.743131697196,0,2,2,25.88106889553214,0.6884279209556574
1728.7450240293408,422.73524981561394,91.71287403134585,0,2,2,11.041283834130986,0.808518681943781
46409.29269594932,8889.531675582806,3356.229798183216,0,0,2,23.80968656585878,0.8807716826530616
22686.262748715137,4822.487896114677,1183.7459047483926,0,2,2,22.949409135924306,0.8396059310574471
15722.986084828914,13246.250434853982,921.6389197480105,1,2,2,8.939451962128139,0.21614053153694693
30124.62098210796,1259.295619370034,1071.991592685093,0,1,2,16.415832082569338,0.9937823607209468
862.065586504274,568.9413669334784,18.260008369535274,1,1,1,30.247164066866358,0.36120712021809387
14262.094276740285,5683.540819664912,462.6749513270698,1,2,2,22.195707525817088,0.6339341356863396
35300.156552095184,8366.560683588976,2735.754557701633,0,2,1,3.4058405692444014,0.8404877860080443
31871.603766928518,6309.452535018056,1705.9848620831804,0,1,1,16.50180909622904,0.8555620951302221
49099.39440335551,17174.80144031228,1444.7878973420736,1,0,1,11.912001057227096,0.6796291739619664
31207.70662807318,9258.84317576422,1297.1192623007244,0,1,2,23.457598761907146,0.7448795578492957
24136.540744572772,13381.187946032813,1653.0130203859744,1,2,1,22.50973794533413,0.5140904800832331
38190.91187760838,0.0,2168.9019840545498,0,0,2,1.3639335528549186,1.0
45214.72966222063,31684.139108218515,2226.630960576983,1,2,2,22.269342829646202,0.3484975279581316
36174.4493625584,27933.936616009345,2603.164069714103,1,0,1,26.719737889472785,0.2997606600056966
48178.95556569429,20659.855028407488,2749.6100945882486,0,2,1,27.90555113405514,0.6282558489795868
39209.25595153977,11491.24378271981,2156.1593760730602,0,1,1,3.0641519636486407,0.7619163082772002
43406.67119396536,26283.91037362197,1010.6709313895917,1,0,2,11.628044598845413,0.41775679297549995
6148.151523590041,2516.9228591767132,107.2680772847835,0,0,1,15.744574619303336,0.6080684133033729
36754.46839819249,16608.83081807057,2850.6746648624785,0,0,2,7.292009772821913,0.6256739179532061
22284.390626604745,8602.404189888075,1157.0074757190143,0,2,1,15.725685490775344,0.6658918415619497
27878.638219358123,3819.8052129411467,1089.9944986103715,0,1,2,3.489533753895732,0.9020823509078262
32878.06926937666,20521.221165349914,1684.3914072631535,1,2,2,4.962604905246805,0.42707007507792477
48505.84827692569,31661.80137538654,694.9353951503274,1,0,2,24.40431669951968,0.3615848999600487
49236.61503086542,1617.2240714884554,3325.879636720049,0,2,2,10.190036140605425,1.0
14767.29815165131,9692.121547143868,371.621826699704,1,2,1,25.899204661785035,0.36884190833501074
36820.79812317685,19248.404309996396,2441.8898067926593,0,0,2,2.6837984805833797,0.5435592013247297
37624.1851277958,12295.295494596245,1783.6305947136968,0,1,1,20.6946068565226,0.7206141511323578
17651.396634995916,13711.773825923947,518.2457281337839,1,2,1,14.70070322553941,0.2525504711829724
6631.5538557789405,4124.493379531018,80.33926147012033,1,0,1,28.893998717041285,0.3901649287615003
2526.8745341431277,609.5170113388988,169.5743424189852,0,0,2,28.438305307194668,0.825894533750921
38978.48481269434,11527.986933707925,871.255274228452,0,2,2,14.144587486012785,0.7265996430931344
24740.13721993684,3762.9947187262937,337.11796907313,0,1,2,22.794990493070003,0.861525555852923
49284.23838999885,23870.67190415626,3100.542463479975,1,0,1,8.964210408682083,0.5785644636259384
23516.186081585827,9452.48495267905,811.3795695903211,0,2,1,21.314239266314708,0.6325464787057846
48906.89046415509,20280.762213066144,1821.946994222461,0,2,2,3.8442642881632856,0.6225722992474333
20873.012108605963,10041.322370023103,569.7232529528752,1,0,2,16.21114994415135,0.5462274889801325
39787.26645271864,14568.499776703386,2790.7780788920295,0,0,2,7.39546885383382,0.7039826369623191
4698.553979435687,1125.6081581266858,144.77685776076703,0,0,1,31.918341373203294,0.7912482639001798
27995.354651819314,8140.40604974548,691.8626339931959,0,2,1,16.57152862883911,0.73393645094372
40201.95945579335,12270.692793952594,1272.2907417496274,0,0,1,21.67708120231372,0.7264212441113234
46272.73252738449,17089.54072184566,1120.7473421079374,0,2,2,13.613365111550364,0.6548984140867996
41217.86298556287,25139.85389263481,1328.693485601472,1,1,1,11.1059362333931,0.4223096812327818
2330.0509964581242,1792.3205213533527,36.82770397613342,1,1,2,8.102192407153675,0.2465860961645399
18948.765894683344,12072.818512660404,399.7640475811699,1,2,1,32.91550539334568,0.38396756126717113
2910.574379535638,1964.3527979084524,114.07618440805682,1,2,1,28.981302384943344,0.36429158914138643
5909.473410170622,886.4711771371489,422.8977539781381,0,0,2,5.66414005508608,0.921554190875761
33927.628619040464,17270.488902400786,475.3380286574903,0,0,1,27.13537067021294,0.5049712709859798
35806.28071742906,23502.490401056024,891.1191247965502,1,0,1,15.648577196282861,0.36850823868860616
38799.173796205505,13019.438771716765,2855.0060592279615,0,2,2,1.538882923619945,0.7380245062464998
43340.09912875531,17640.18758020927,3133.533685577204,1,1,1,19.49285621316777,0.6652833245365795
37101.85768958724,18598.261808006384,2135.640745577096,1,0,2,5.551625402970314,0.5562858011002081
40143.143809278285,15998.891100713332,1077.1669505989207,0,0,1,8.347700958275814,0.628287106236419
2923.7036362523227,831.5800617543507,115.15515283523824,0,1,1,25.361433649843256,0.7549598050787926
12109.48994684428,246.3849115848472,300.1393950780721,0,2,1,9.999971299941864,1.0
31283.939782074667,11718.800899278393,594.4322601505199,0,1,1,32.21608706446358,0.6444064041607058
42977.20257892874,7939.86899573959,1572.9607844376717,0,2,1,24.000941544845947,0.8518538241382992
722.7561845131265,303.0936157103799,36.36006568199222,0,2,2,30.129921971878318,0.630949474049719
25974.152434759315,15310.716584224025,914.1677568617456,1,2,1,22.53163384155644,0.4457355687149804
34025.72626853766,21251.27100078748,1795.1196893434128,1,1,1,31.409735685770556,0.4281929162101543
1965.560811866354,1457.413317357831,60.4170769920615,1,2,2,13.658963625775256,0.2892632820455537
20367.1000988927,2898.255523669236,696.749063260049,0,2,1,20.21992019099529,0.8919086934458148
44833.92662849299,5866.895144832009,2929.769391926632,0,1,1,19.056164015551673,0.9344887683551955
33744.83403836501,7640.51171937505,2412.1492783061626,0,1,2,32.63267478272897,0.845061841610343
12264.088986349567,4283.3647451845,399.1027141408879,0,2,2,6.772039301301474,0.683281649752627
42712.665916779675,18806.16169401321,2135.894103399295,1,1,1,21.232126711534235,0.6097113764077883
17727.55545877096,883.4677594908052,522.4551665844099,0,0,1,27.405091797944312,0.9796355118591502
42740.56122163094,14909.89567083019,586.9742885554134,0,2,1,13.951741618678112,0.6648869136742649
15297.710730385823,8071.72390194995,943.1039077591129,1,0,2,31.365353361559173,0.5340074002032691
29720.852418715876,6031.338131304759,652.9743743715173,0,2,1,14.055516847720693,0.8190373653769646
20148.533353517785,547.6925806214228,801.9091423959273,0,1,2,7.0658065963570635,1.0
14103.840012375818,2376.8141285339966,621.8832203395374,0,1,1,21.441692439176112,0.8755707022587789
44384.59932750752,26590.455025028594,1016.9848078520888,1,0,1,15.719880351305937,0.42382108648827543
9785.88725600482,6964.081092024603,162.63043263312798,1,1,2,1.5316536638701592,0.3049735316316907
4698.173766170274,739.7386413806422,161.43353076864454,0,2,1,3.4443507372726128,0.8769085309751317
17425.383458010187,13920.879806310166,1335.8301316307495,1,0,1,7.834701307230651,0.2777748791006227
36023.1378082576,18654.699965374333,1911.3693671067485,1,2,2,27.926548583135332,0.5352062142007655
40467.86449582595,20963.52672172455,1485.1186657814073,1,2,2,32.221383061181186,0.5186697321784242
49937.79681830486,21697.119092227294,635.396414512984,0,2,1,20.097430590497787,0.5782408512264587
15169.921822052664,4177.420533093962,789.1261307604078,0,1,2,4.694791187994321,0.7766439114137056
20693.12658099847,11045.101837405728,340.5681987457827,1,0,2,19.70466332846461,0.48270100234686536
7272.6532624665015,1682.775778904963,348.92797620816054,0,2,2,30.946191120893076,0.8165940607149981
28956.160516340162,22075.27419401128,1813.7135784136128,1,1,1,27.231717019290638,0.30026770627397487
49880.2118445144,38704.26797670304,1977.7990019474894,1,1,2,11.188435729408123,0.2637066360255532
35193.6100009726,5348.894427920123,1089.5520964963953,0,2,1,5.336171325092524,0.8789739861495874
29963.035600461903,17825.247868829512,399.01463993903127,1,2,2,32.52385949167851,0.4184089535767249
19922.270099628804,12168.89750043157,233.7769074987831,1,0,2,30.893106132127386,0.40091563194120305
45807.28863413496,22063.13493188158,1836.9574700683029,1,2,1,2.880037780082903,0.5584506731371782
25097.3715084523,6106.637062654118,1802.8488251191957,0,1,2,29.82860714385975,0.8285163752672071
7151.162208996544,4295.265082018642,193.68489851296368,1,2,1,4.402442322472883,0.4264456512613193
18586.233928357105,7189.622494431076,932.7294335661312,0,1,1,3.214927169071296,0.6633587479323193
3824.750107964461,2849.0219456657474,221.45841411870612,1,2,2,27.55103140011908,0.3130104039802393
10497.962365594687,5884.054074432059,149.68089983728512,1,2,2,19.77087176737353,0.4537632185281764
1374.6046594956542,789.4706770816147,28.477720891446594,1,2,2,15.509180843161161,0.4463914035695338
22937.355866758087,7562.79203850529,761.2765177419989,0,2,2,32.635176859160765,0.7034742992926935
31909.74311511396,5736.65020927534,1815.8725046701943,0,1,2,30.37562502237138,0.8771291360616413
17492.976887755933,5608.892450284687,712.5319438559195,0,0,1,3.0168215041469812,0.7200956396474786
21308.897689511217,5102.441580906416,1308.2311083915533,0,1,2,22.56305346794103,0.8219424332595828
47980.85900580651,6413.705573982893,3393.7749503844866,0,1,1,28.029359112261037,0.937059679918758
37722.174517958316,18302.029334562714,2379.743340899795,1,2,1,20.26717029212332,0.5779064649074558
27272.403528775085,11553.873124751766,2166.9916719580465,0,1,1,35.40519246766659,0.6558102609881952
14584.77331803535,8477.099372975994,916.0006962984932,1,1,1,25.01166266266419,0.4815758523084113
44901.34153926326,35779.296853412765,3127.49265153051,1,0,1,4.645005444395886,0.2728100523827243
12137.307285592644,2286.227485879804,828.5611115374896,0,2,2,7.94043041999837,0.8799019963783393
16604.465160575513,10542.91589035726,1014.841720147566,1,1,2,29.91859674198117,0.426173979223824
45498.70831393595,40362.869025579705,3008.6533718520823,1,0,1,35.8864835600505,0.17900492040372334
26712.331736611082,3288.6510744718757,2014.8531089669605,0,0,1,4.441874340533639,0.9523142353103121
37244.73849618984,829.1520524821234,1611.3756030889153,0,2,2,4.511526124576694,1.0
29741.867311106424,22436.99154288672,1626.2880311236163,1,0,1,27.71854689501492,0.30028927591941007
32845.24084597001,16448.335203548824,1512.3847507947123,1,1,2,3.2523998600788846,0.545262873157263
15319.472929983865,9153.618487861859,1065.815395439118,1,1,2,3.3996040622696615,0.4720573527961932
12447.917050519814,6593.534876461047,500.3461693894766,1,0,1,32.10857690533819,0.5105053574551958
16463.371184848933,10407.806319008803,1109.316339094431,1,0,2,29.015743431145783,0.43520134026549345
8194.357422129411,1113.9053446097257,540.4573708735738,0,2,2,31.85471199525338,0.9300191651162887
43778.561081894964,25321.834473719275,3385.4848718002954,1,1,2,23.767969074646377,0.49892483764179807
14520.723195880646,4413.978060513213,398.2228319737486,0,0,1,12.288774767860046,0.7234466097612352
28293.725023512037,13552.777290066306,1688.3818001173174,1,0,2,32.72096166164769,0.5806704320449253
39702.734044498015,6590.2535065847605,2500.651486018503,0,1,2,11.455323374105113,0.8969944483928307
39299.29341409782,8186.595364971325,2968.6487585637665,0,2,1,10.642879380919727,0.8672254345281504
22200.11979991755,9513.68702253518,1631.3351609359145,1,2,2,32.024014671747,0.6449410213710405
24074.73677504292,4797.918861886738,1207.2712585521685,0,0,2,24.828790737262274,0.850854128255441
49737.73657228373,30551.682464256955,2513.7811672679427,1,2,1,32.348522964823495,0.43628513822213033
33892.575110461694,6848.134676044469,735.8208877854393,0,2,1,6.456545123889034,0.8196562589789075
40824.60293433519,23165.301252243105,3194.418593499932,1,0,2,34.3303879217971,0.5108125683214709
45176.42147635198,26997.962533056038,1258.2185612879114,1,0,1,22.445975484511447,0.4302394228980302
39485.69689335229,6764.325711650108,2398.0269943916683,0,2,2,24.381226543269968,0.8894207507834682
9666.377575201595,6601.43514789178,635.1356249755423,1,1,1,32.99212031142581,0.38277814243234665
28327.451320009823,11963.17488123301,1158.1702641959707,0,2,2,14.326354114312004,0.6185677103465835
5543.760787069971,3017.3268152175065,137.39413032077653,1,0,2,26.185124814355177,0.4805092074654879
32819.64526491792,21602.671219782416,762.3093471940691,1,0,2,23.411921739356938,0.3650034391180532
47789.796695296645,27299.72740002674,3343.1218496924844,1,0,2,28.571345160308606,0.4987087787152691
25880.23718285551,7605.127196945316,1184.0973032099046,0,0,1,32.39299771416576,0.7518944726677755
21932.138396954477,9603.941804534812,357.7041575018393,0,1,1,24.802129940053312,0.5784160449982881
2274.2161951990774,1503.3459295883652,136.88817275812335,1,0,2,3.3673844076072523,0.39915221793123035
48008.83885529641,18588.554575095393,1320.8179117793204,1,2,2,7.4099121047423075,0.6403217183535137
5598.6328644428595,1704.668799614607,399.44920040896426,0,1,1,34.38923637934794,0.7668681567789264
2533.4151185899236,1008.1564572227303,80.23332019710494,0,2,2,34.902766568202914,0.6337263758250171
12680.297269494455,2832.8856802507294,304.56752889154467,0,1,2,34.85946597944269,0.8006104985060823
3743.75647895993,2693.543598105756,59.675819139326165,1,0,1,2.2879790140041294,0.29646391431470553
23028.333199382236,3850.0180245192796,1054.8629939383552,0,1,1,14.385685878229639,0.8786210445028688
26046.346162227062,1868.4424781814469,1082.2681684672339,0,0,2,27.58854463957986,0.9698163302899531
15972.212476914905,9853.901273823247,999.7303294753101,1,2,2,27.35100312802408,0.4456515678623032
3022.54388745686,118.55261477396998,128.52515857575546,0,2,1,4.0068116732485475,1.0
6024.218228336722,3441.198988221993,205.2277521864886,1,0,2,22.332111048133164,0.46283963937193695
19532.96671050144,7899.543326975875,553.0924400738297,0,1,2,6.000436648930011,0.6238947725768457
3496.1583159135384,1296.4749738263554,103.0327371644742,1,1,1,18.262326650372767,0.6586418208724518
35060.39141769071,15653.07583272374,2627.7536571685428,1,0,1,9.388999529439253,0.6284889686376146
10747.516805478193,5117.4960154465825,231.66812156623467,1,0,2,2.8606410107154687,0.5453993715655362
15452.542654790106,3745.7213237280544,1223.414111112815,0,2,1,3.800679893431335,0.8367707328843158
20009.225970315827,4124.18131596305,657.9906274155219,0,0,1,32.88125324054678,0.8267703761410008
21122.17683692282,16219.642830932544,341.9113611894216,1,1,1,27.06260874705369,0.24829095067569434
582.2050299026264,212.226425172819,15.957265639842877,0,0,2,33.61383936205326,0.6628865271641469
6047.4833644355285,1871.2894293734605,85.20303284638184,0,1,1,17.449647631674345,0.7046562530405915
43206.84590517346,11556.77866241075,2821.4970738252896,0,0,2,15.46523746334815,0.797826446120208
561.0365943394527,363.0959119883632,25.73963177635257,1,1,2,13.544255237573346,0.3986911306396982
25654.284112737318,12738.945638437293,861.7033735093478,1,1,1,22.57074836182315,0.537026945958281
24730.349322106802,17382.102971581884,1393.3937525981548,1,1,1,13.304578543996676,0.35347822989741595
16988.160970026573,7925.906166154269,919.8283385625115,1,1,1,27.119563189370215,0.5875905673396266
21850.68749724926,7653.099270650211,1656.086466609412,0,0,1,29.046106417555176,0.7255458069776637
39138.76630756592,15355.590080639533,3024.9662138750014,0,1,2,31.654560770028336,0.684951135918127
42139.58345764034,11601.185444164455,2429.2569886803894,0,2,2,9.498032558584704,0.782344112046008
13387.252899054878,7749.270685300122,900.2541339930413,1,1,2,19.44577172523314,0.48839268198252894
16463.276827902628,4906.668747470194,1077.8467337327854,0,0,2,8.82056158554436,0.7674325680263017
12502.901224902469,3208.466950787967,555.0193801044989,1,2,2,2.31445381971194,0.7877734517010737
24253.238327277722,15431.631869483384,1438.5100158638136,1,2,2,25.77388564594432,0.42304109394408396
34321.28870411124,8113.467541752784,531.2293867894675,0,2,2,20.21434458772936,0.7790806102786267
11798.517335439317,7007.430000915971,744.0319156668102,1,2,1,26.337454784357927,0.4691368493873605
16871.4192317159,5648.279555041411,1304.6383449842704,0,2,2,4.066801899228799,0.7425444089557264
46554.038570662946,27514.727711388423,742.4546411250027,1,2,1,35.84341626716797,0.424920503306569
2904.1798474244247,1345.1440154568816,199.01794129500306,1,1,2,35.80219984314612,0.6053529277195688
23308.095459358527,13589.358041638376,1755.3000811907107,1,0,1,17.274993892622945,0.49227692236449444
35722.1230590405,9220.117802637918,922.817545517196,0,1,2,31.312055031434262,0.7677265641964452
7947.473572094967,2096.4805000030537,371.4393487914241,0,0,2,9.524899453194488,0.7829447137429227
2845.0139902713518,766.5330413944665,213.2340141728522,0,2,1,26.814815642815393,0.805519751708201
7341.165896107272,2750.913144349898,566.8541467482279,0,1,2,31.772904988474803,0.7024915349263814
45981.748079768804,5502.904953117343,871.4353714766746,0,2,2,29.51331931282725,0.8992759132687599
958.3592001456091,259.795897872646,32.996590733009256,0,1,2,29.41209273844051,0.7633462410490995
9821.937753161916,7413.515756591142,578.2187020977285,1,1,1,17.205932123110276,0.30407856104637104
2048.5338886314053,85.72421994759189,52.25624548776196,0,2,2,29.699648172257046,0.9836624745894786
5976.158644329062,1622.8713087945143,195.62324242496015,0,1,2,25.17466845574552,0.7611763423108072
31197.389688100666,16526.960063929644,362.8373161460813,1,1,1,5.635798935047153,0.48187579443709366
12461.125982584746,6922.339333074233,258.52497032577685,1,1,1,4.996454142258204,0.4652317638019565
28675.9964963185,14092.047082748764,1415.5350677821693,1,2,2,28.017274757712396,0.5579399649949728
29714.671446923243,17224.22561087842,1655.5916866527,1,2,1,22.891243107052333,0.47606239052534605
42547.048987944065,34929.02853192826,2358.120332533815,1,0,1,19.17816410169821,0.23447315444548011
734.6989491377591,329.3422905688823,47.3772328865565,1,1,2,32.75416267970898,0.6162168762957408
42741.78823744715,4686.500293799779,1669.9087995224488,0,1,1,24.085662490492652,0.9294228992591747
31146.394778135214,13821.768695167413,907.7414349154913,1,1,1,14.865136078090506,0.5853764985565013
8555.8025621954,3912.484616874757,94.88940315607834,0,0,1,15.487613286166432,0.5538004546076046
38760.40071269656,7539.643508006716,948.2378471159368,0,2,1,22.183552628615473,0.8299448524862214
42846.831318633995,10579.88153039229,1365.4062658655864,0,2,1,27.609634964022195,0.7849438340958635
13086.042445830786,2639.010451804959,294.1019986212092,0,0,2,20.752365743219343,0.8208084328863813
45980.2872046827,22377.19209981195,524.6402729968493,1,0,2,18.80663087767129,0.5247408584131331
22995.642799783564,5100.017867103848,483.3990557959754,0,1,2,26.441524592896364,0.7992394102002958
30369.510489499415,16551.056218794212,1719.7333214334828,0,0,1,25.684259246746272,0.5116377360613429
49240.15191407336,20535.532013390697,2662.4632276404373,0,2,1,30.062139421474637,0.6370224686361712
18396.035892640368,9154.740570348582,1388.8612459429967,1,2,2,3.1893125197053043,0.5778503928929356
40751.387618095585,13354.592098760777,2684.366456085293,0,2,1,27.42332462286926,0.7381628880304094
16260.756332508752,8133.9110965540485,808.8576343823062,1,1,2,18.98161578330915,0.5495256608988487
40061.0693509538,15497.05914985926,786.3564998707989,1,2,1,3.6142592011603156,0.6327930609860712
30236.328983700805,11258.234347003094,1496.245565958897,0,0,2,24.76535098593319,0.6771437172050054
11209.606913657371,8286.266323500822,160.42801858352607,1,0,2,26.078906790067997,0.2751005126667667
20994.2916425672,7883.908034465422,843.1715404691486,0,0,2,19.326950934063955,0.6646356726930119
16222.963900996303,3141.028138078465,605.4102544723495,0,2,1,28.7829642177417,0.8437019339326524
4366.365457478012,2532.434817995789,174.42305533519036,1,1,1,11.508683802025553,0.4599600547356444
1976.8211199350253,1363.9509577375538,58.48981617651238,1,0,2,8.066752648600264,0.33961594784866034
17650.693442655454,5241.894545373363,1023.8837433518643,0,0,1,13.275688311014747,0.7610286068518948
1442.1903169655857,797.1901722394215,99.31804091874163,1,1,2,15.351767965359214,0.5161026092665599
8691.644000297863,484.2234955086995,554.4937675524689,0,0,1,25.35767608407591,1.0
36396.57438211801,22335.304666134947,1963.3275531800073,1,1,2,30.593197825737967,0.4402776234083202
35550.5161663376,25933.431654598266,1695.1956460860201,1,1,1,26.232136652753677,0.3182029792449773
37059.729129640444,16909.961765732016,451.2352816884258,1,0,2,7.089564567436053,0.5558864872846611
16199.081970933948,10961.127052577036,981.7515170163236,1,0,2,13.817597968009009,0.3839542541073173
44555.96312732593,12911.649927057237,2145.316414534945,0,1,2,6.54447997067223,0.7583638023544516
29894.612127408156,20627.81424053043,865.5050300335517,1,1,1,25.035346984531795,0.33893408195859204
6738.303916458013,4748.05866085225,222.01998977158098,1,0,1,9.686015737591294,0.3283118827534601
7614.0737420489395,3933.9190976322247,574.8052720224326,1,1,1,19.38854264981464,0.5588283040839243
34808.22363302022,1948.0377794803742,1869.3880822540543,0,1,2,28.71404451181395,0.9977404851779994
9060.724853882864,1685.0923783043168,392.45506228696473,0,0,1,24.482874622256528,0.8573362135079725
25610.988728311146,9135.31874694391,1369.279264661588,0,1,2,11.443089673279644,0.6967692436763477
49592.83655847118,9172.667819423772,1932.2342506082007,0,0,1,12.65033627157193,0.8540024311721125
698.3764343003052,116.42968836320047,29.96925970315446,0,0,1,23.867750031106112,0.8761979579871281
1320.7001939290676,41.520118507149675,40.04580635361634,0,0,2,20.231371226898045,0.9988836890004936
49657.68680556007,40238.502884666595,2025.5236889376235,1,0,1,4.373772061451554,0.23047202449530246
29439.622289641193,10276.94929916614,1707.2465686342903,0,0,1,31.589705624574115,0.7089058192996166
6782.0437881664,4695.802463780495,86.78258982607075,1,2,2,18.941463681877003,0.32040841700308115
44916.45888782763,16445.130427955388,2948.851698694252,0,0,2,17.567635461911287,0.699524872097194
44078.82485632077,29497.77013719014,1313.926641931559,1,2,2,7.945376782129181,0.3606035644750837
27041.920449013072,5967.625536433677,1562.4601389888826,0,2,2,14.194783663968806,0.8370986481618184
31278.705478107448,7204.9968678399255,1720.0401622651814,0,2,2,12.64887018102847,0.8246424645222684
14022.76597929338,7694.183384484751,780.8431881171252,1,2,2,10.47574889902994,0.5069916871909464
3000.724970414255,2749.170866929495,157.74518340092487,1,0,1,20.85923011263706,0.13640013360810624
29931.096640097785,9479.460967890449,2308.7988526078043,0,1,1,17.179637609809873,0.7604276849089343
15090.382063536768,2932.7244125365773,687.8813550743178,0,2,1,32.121918986013355,0.8512401443508495
33349.24180968742,21872.420823808534,2043.052526659325,1,1,2,33.94703919665063,0.4054027251861211
41894.13625370876,20054.544130707854,2487.734690735126,1,0,2,8.68157002298318,0.5806857233291786
1398.946923761021,602.3037364300377,37.12627526686948,0,1,1,4.503690006852368,0.595997924178776
29987.831846943507,5118.074495622815,894.5792691448573,0,2,2,28.48681430207123,0.8591597002399347
11948.386714499185,3705.556181741838,474.12628550873677,0,2,1,35.820149127351314,0.7295509449562918
43757.48064623817,31851.82784807986,1288.1701337044806,1,1,2,31.226002444895396,0.30152153956324856
13056.39307481051,3866.9409914181865,465.74787474536214,0,0,2,1.8294090741557154,0.7394997916204981
30733.121595153207,8031.68332827063,1148.4120220257385,0,0,2,9.79422427472631,0.7760308439566249
27900.271584435766,16776.328682800773,1458.3616833720678,1,0,2,2.5169796964442375,0.4509742690829623
20110.241752932823,4891.355145849155,510.64535182186563,0,1,2,29.727278196440828,0.7821652346179072
34042.22779818981,6154.704789834427,2257.01436199027,0,0,1,21.34924417023107,0.8855042492826684
36425.596918413976,7141.674961487796,1479.8825770078536,0,1,1,18.980148940846885,0.8445655565463699
28563.420868309648,12212.314723712356,1697.726554527281,0,0,2,20.405745869878466,0.6318862429797151
38041.90074064533,9015.00240828142,597.2948825269077,0,0,1,9.83579405438069,0.778725369609076
49179.14526165041,7657.411650047997,2109.666199607876,0,0,1,22.057342919860197,0.8871931299146385
21253.983201089854,11435.584266599004,254.52425440966707,1,0,1,2.07334424624105,0.47393107887579405
25971.86106833378,19012.557574128605,1488.543438832611,1,2,2,23.610410338979385,0.32526921774342277
1117.2589580900553,369.89404708828283,38.05351095665646,0,2,2,26.70518405625908,0.7029869094100576
39903.41353736373,26625.13375234459,3050.524066867617,1,2,2,24.55591922991395,0.4092081955995372
26251.388318776695,5751.612400546429,858.1236266591931,0,1,2,12.624113140927708,0.8135912388912743
20694.09080284798,13840.280284193284,1023.6624394416859,1,0,2,29.919202029463992,0.38066291644048744
5156.562172925092,890.9129888849975,144.472074291793,0,2,2,26.044039899111873,0.8552444652927008
44537.99287293216,25335.27317842434,2378.6799581223527,1,1,2,5.490406302349726,0.4845615677878068
20052.858382007544,7346.896840770137,856.115971213597,0,2,1,7.830047718841026,0.676316426022317
34287.78911135641,24169.919308359014,1232.4395479585298,1,1,2,23.29879446123835,0.3310306568351065
7894.020740223463,1043.3591823800339,191.49516363634362,0,1,1,11.129564674460914,0.892087435949709
48096.70666228111,23920.26341568479,856.4337223533017,1,1,2,5.180152950618293,0.520469668427031
9332.86721018063,2454.957133465355,171.64579479604242,0,0,2,6.423914760246228,0.755347281039358
10377.328648524774,8375.914342251344,829.4889481130625,1,1,2,6.796601318914022,0.27279691626504754
43019.65159760683,866.0793808454814,1671.8189833308672,0,2,2,17.722681738643377,1.0
45672.8458350256,28929.178393792936,462.89792586465273,1,0,2,22.258490870032407,0.37673512680267324
11001.29667240342,4784.186692475821,843.8546300586312,1,0,2,7.174079619904523,0.6418302151325989
23755.14396465398,12444.851490099429,270.77525800028525,1,2,1,25.93738136271274,0.48751831391915235
36807.99777586008,7592.333795776763,1446.5921802478024,0,1,1,10.835441262553497,0.8330324389565263
43979.10382363468,8775.54634454279,2648.572525353745,0,2,2,11.90453484378863,0.8606844322303729
19263.108404346607,3581.868814912005,1425.8927914041378,0,1,2,8.822451737593765,0.8880774598651282
26092.464599046747,6545.682145889722,1562.991868554115,0,1,1,28.482214758011686,0.8090371931550827
37214.96232072688,19938.635503142177,1579.9166731738435,1,2,2,34.593484152790694,0.5066844708386702
36691.23084431337,15575.615125669476,2869.6557542169744,1,1,2,18.237494703733244,0.6537058289113856
39256.5264362912,27227.712509077985,500.6132323282088,1,0,2,2.4710724501197268,0.31916800330959577
28711.724022755556,9771.881952199996,2270.593599391202,0,1,1,10.119926074891655,0.7387377941197949
5678.447291836373,3981.6188803771306,394.41023387388725,1,0,2,6.531760189159612,0.36827649141687047
45246.67789846298,18782.432641536405,3394.636588243735,1,1,1,30.496679969820626,0.6599132407505349
43345.84069639089,27562.327452615184,1206.4911505774705,1,2,1,3.9698895601621804,0.39196389137672943
40005.82307300749,13246.62662903257,798.9989011889095,0,0,2,34.826668424093434,0.6888546023630681
5443.19261945611,687.2343762922407,307.17062450833754,0,2,2,21.59798218186191,0.9301763177688392
10617.669670530746,6382.289624598884,489.58245433266586,1,1,1,19.120892547595712,0.445009370877173
37308.21807282877,8806.530355266948,1739.374686500078,0,0,1,30.657271784671536,0.8105737546893504
1645.4346818063486,775.0953003780623,122.95237927983412,0,0,1,1.9641667452009655,0.6036652634656335
48971.61936851034,40692.45410920056,2615.361823366408,1,2,2,28.200346229245337,0.22246613902421966
19168.661677606196,7672.778852798819,609.0740358441616,1,2,2,5.08114159489808,0.6314972356569454
36105.97041769577,32469.06081374234,1372.1950917562851,1,2,1,30.427233462915122,0.13873341826189273
44434.768880158146,21780.720120980008,859.5776493154897,1,1,1,19.521167673325163,0.5291717949948284
20034.17946342907,7366.18303868301,470.04157436971076,0,1,2,3.1395290826032127,0.6557811875000071
16297.058185683469,5972.215994007812,326.5034923157009,0,1,1,30.163576358046353,0.6535747472110199
30632.685880463214,3998.0915557447365,2043.8248676936985,0,1,1,1.9559940974938075,0.9362032211058117
29258.97400052851,19287.285546945455,1736.2609531193866,1,0,1,5.842974251276122,0.4001490074973565
20752.42889242746,4920.316857336708,977.9405975738421,0,0,2,28.923858333932014,0.8100282005446873
30287.85041545157,20187.445960603232,1096.5942903233124,1,2,1,17.270489335026184,0.36968614779804304
46801.37779354149,12995.838236811976,2658.0655463360886,0,1,1,31.84860465241918,0.7791139240370294
23648.192703016524,17583.8676244015,1582.1438888437058,1,0,1,23.240024547687923,0.32334263609427366
10238.73794715625,2652.324026422003,733.9774970630344,0,2,1,22.82350640296428,0.8126383799194921
19171.696152708693,4406.712360061978,925.822985771168,0,0,1,11.22822871462052,0.8184360243056007
20008.29563835937,7633.719175226605,1348.3982298638539,0,1,1,5.678818324310674,0.6858642505605175
6989.880304797883,2234.2978750493885,320.07652199194996,0,0,1,34.64103368138389,0.7261439009558563
8562.139277450467,5889.190151343787,370.0308828222447,1,1,1,4.66791912001883,0.35539949892464584
34385.82263298702,5854.172525863013,2426.9592665149567,0,1,1,19.515371002574867,0.9003306305645786
17304.148833340685,2155.55127962267,641.0525352247272,0,2,2,10.53990067921731,0.9124777093063434
47767.470396862474,25406.244157541474,1801.497006275973,1,2,1,10.244923225350915,0.5058405447231733
12558.038895251068,6599.267444144981,393.61658631090205,1,2,2,21.810517675598458,0.5058423604516148
5396.763002688705,1858.342485769012,249.9193507952624,0,0,2,28.92769410126041,0.7019652087422734
37798.47586851277,13876.50411589936,1819.5998182109893,0,0,2,28.201281899094756,0.681021416322976
44111.28456993457,10206.661580846036,2480.4781126715593,0,2,2,31.40805912177437,0.8248479149156202
14266.611165138649,11009.690529127438,572.5927461332891,1,2,2,11.251595826932848,0.2684248794487477
10503.361031451159,4350.66363024754,265.19527090820503,0,0,1,17.301298360027584,0.6110322831800364
9695.423676118815,2707.038593047078,685.2623106380091,0,0,1,1.3267100627008734,0.7914710744009066
26339.60891764236,3987.1052892019575,901.3430161514312,0,1,1,27.140016809772792,0.8828470732918258
23686.623741715164,18689.816718628725,1767.1651838623766,1,0,2,11.582008924979906,0.2855608414565474
13342.272072799444,3237.8748063699572,327.08224163884785,0,0,2,20.652273664456526,0.7818368154352608
2736.069290976606,1683.0651809313422,134.6256172435928,1,2,2,6.925509870680774,0.4340641997648192
24333.821346150897,5091.788773973895,1157.3909206930714,0,1,2,29.678982749701497,0.83831565961985
47986.951207962615,23668.371727976675,3263.369381373543,1,0,1,29.60452767473972,0.5747801885105535
32799.70043725683,2419.413105551996,646.7968767233119,0,1,1,31.710852016353442,0.945956328710393
25027.57455311661,8157.592736295466,1844.422175900241,0,1,1,2.6077948987352992,0.7477514032773476
5979.257664465998,932.7156054130465,282.22079465477043,0,1,1,35.73605484212548,0.8912080985196393
12995.59638220457,12568.609785817904,663.1348330642041,1,2,2,9.672279505389309,0.08388390939438693
15091.310503939865,7087.953462524162,689.8485608954448,1,0,1,11.830179011657231,0.5760404704443411
38357.7758540581,3801.7965469357805,480.3062296517994,0,1,2,9.726750521665615,0.913407640476303
43897.18446459866,13661.534512367663,1966.433478032743,0,2,2,10.363644442828633,0.7335797004528489
45131.271751538705,35361.14651643091,1283.9159187565,1,1,1,20.34314746362763,0.2449308589113139
49236.14610841233,12690.654021464925,1673.4466333937442,0,2,2,9.393369050632286,0.7762374137932616
49127.15081367436,15655.304464841258,2723.467359103212,0,1,1,14.781995899014166,0.7367680215206269
47673.45707201508,1371.7708280307238,2137.6205622995753,0,1,2,23.946230385512536,1.0
4055.1959548927766,2103.424523397777,67.01322787412717,1,2,2,30.260917125220438,0.4978266603697343
7320.780028426357,3449.3034664868496,110.63813767113164,1,1,1,25.245952509340782,0.5439467767298312
15571.093060563628,5801.703602309374,358.0734585163872,1,2,2,21.801299567556313,0.6504015406869615
27868.463576190843,17112.285272637982,651.0619385757791,1,2,1,6.170499688937404,0.4093243321771892
5300.4054909212255,0.0,278.70090197599154,0,2,2,29.564046053944892,1.0
42366.94941120605,3869.648199970194,951.0114423079366,0,0,1,2.304621079756354,0.9311105284136818
31029.430864326798,5757.099593031528,2225.4419406799693,0,1,1,10.246708213235573,0.886183614910844
27347.037913959146,4108.77484571883,675.0136708452403,0,2,1,2.9970620926186418,0.8744375465570682
8682.910506680912,2583.7651725203946,142.21913801553205,0,1,1,24.36001414545619,0.7188101809149987
13036.145982809769,3737.067054633932,929.5061637470906,0,0,1,13.892987890773007,0.7846325981168777
8435.445236621774,3013.612154023415,258.739824006385,0,0,2,23.821696912170335,0.6734170808131166
42670.69131084253,29454.982867211376,1697.4223531081773,1,2,2,13.14608357562566,0.34949353616284007
29419.2790730303,11382.246546694125,2269.1633288065846,0,0,2,16.950925577982296,0.6902343121575053
36888.90666222185,9213.734544090486,2807.4614252352703,0,0,1,17.02863535581633,0.8263360533421307
15153.626714046273,9644.010924633081,909.8871241446033,1,2,1,2.595322878364061,0.42362815415054395
18877.00553586972,12484.904959458047,279.86532350317157,1,0,2,16.057928422110123,0.3534440823909759
20540.320739113424,12673.353323378678,1058.5209612246465,1,2,1,23.437252709032094,0.43453500509187476
38120.741101329724,21055.483686165422,3020.5142833681584,1,1,1,20.11182861264018,0.5268987726430069
38731.47288989112,21693.76505318737,2954.5969450130056,1,2,1,3.634931819740054,0.5161772401104512
10737.26961194457,1630.916009420733,187.0451100401792,0,1,1,24.38195949903621,0.8655271822759918
47106.1734085359,14159.834012336727,1776.737045129323,0,2,1,11.810196422034133,0.7371236916271463
6472.439203462476,3810.4426222611924,207.6848603366408,1,2,2,1.5052180972657734,0.4433693931034174
44858.0430799697,7644.669568924134,855.9348613753189,0,0,1,6.445844497948583,0.8486618175597552
5469.58445966556,932.7316382437717,320.7139078032224,0,2,2,18.414588006079583,0.8881052601063643
13594.7206519899,1424.0762531897578,396.5496475336226,0,2,1,11.864058066052403,0.9244172328391511
42400.68753536387,15580.597386620366,1447.585176550003,0,0,1,25.30340548137428,0.666679645270307
9384.857581131328,2434.752271112785,153.2089390436802,0,0,2,9.422871644801756,0.7568910010252847
20971.612599843505,3071.586218565515,940.7389170981534,0,0,2,28.047865896630903,0.8983937314632989
22768.035347234247,15869.906457484403,479.76235920220086,1,0,1,11.026701348789297,0.32404602050340175
12640.319164648878,6734.08127903951,508.7264519888035,1,1,1,22.73022976545455,0.507500186825889
35657.13746613134,2896.0700221038232,714.3535069379841,0,2,2,28.972573308791304,0.938814030788699
42641.06514540909,30810.159826749878,3273.532922195473,1,1,1,14.49446450253121,0.35422281759021423
43791.4694228508,8125.435388229941,882.3445660830165,0,0,2,2.638172963541466,0.8346004160717336
17296.446213959767,9529.16759388785,804.8399781829794,1,1,1,19.740593237060832,0.4955999915945991
26777.094517246816,16198.57846600154,636.9892632114788,1,0,2,35.83931715405751,0.4188469853304278
12796.116991349749,4953.5138919827605,196.36058987691507,0,2,1,34.91471532319198,0.6282346195082689
12617.426826732199,7600.794382196716,304.857261893342,1,0,2,8.735776788045888,0.42175712841498947
8482.076111170245,3868.725339081558,117.34263145819887,1,2,2,27.44937782984883,0.5577282426547582
47030.94103497198,31288.050298264443,929.2287177692035,1,1,1,13.073314113702308,0.3544925763250077
44455.447015976206,24086.016010760522,1980.2185881664059,1,0,1,6.609536806408202,0.5027426579548321
38979.25630972077,32218.338471374023,2168.3024614342244,1,2,2,24.307014521087265,0.2290762098904943
26124.245303742588,6527.551098878262,420.96052579774084,0,1,2,18.530405533436912,0.7662481536947716
24785.09181783766,8223.587886917201,1012.9990142574363,1,2,1,19.873069517948704,0.7090755634211388
26722.41047603365,17179.40470270422,1354.4866120465213,1,1,2,29.958743178242795,0.40780349494105367
27060.11667206592,22550.595179895983,714.2733555311993,1,2,2,12.779028656059808,0.19304406226354687
22010.87269253567,9665.203874504716,793.3926652517662,0,1,1,24.348316584448206,0.596935054180675
7021.864228157339,5755.924027727722,105.52767142974722,1,0,2,13.816701343691884,0.1953139262305648
6720.360716992532,857.7114243772598,170.7588256630589,0,0,1,2.4953363803150217,0.8977803978620922
47636.36093436132,33796.01105204387,2032.772368580682,1,1,2,14.230528756772213,0.3332144172971123
24360.522599524353,3979.5509336423665,1932.5434618215154,0,1,1,34.251206212144716,0.9159702972931779
47683.67348280685,29893.597188178286,3802.227192274304,1,2,2,17.914186873094597,0.45282382647570846
8597.055446650444,3844.9961546914064,675.5008881221542,1,1,2,4.788065289290386,0.6313278091274681
27943.61932597671,4824.893643536525,1107.015737714331,0,2,2,25.073939028167906,0.8669507388269488
10782.004040901193,1820.545655390828,168.71277203519685,0,0,2,34.71827724014825,0.8467972301726603
13032.638003266777,4663.424983859416,425.51746329270026,0,1,2,32.778083629049,0.6748235069903395
1987.7016486783498,1383.6118753995363,52.952384395543994,1,2,2,21.018629323284852,0.33055371167560976
6388.18888164046,4045.1185350398605,70.19891483064019,1,0,2,14.169826052198593,0.3777704927239913
45883.99617764519,4035.471302299677,764.7188645083138,0,0,1,21.323718397823413,0.9287169228868325
16415.88307837542,3490.0703883542906,684.9270380317266,0,2,1,29.557587176973733,0.829120167527401
30602.39598977228,4910.644749581933,1033.6379253117782,0,1,1,31.1433069706459,0.8733103504194278
23518.199533469015,8333.934840410657,532.0936321749351,0,2,2,29.65953597298544,0.6682636697110749
20322.336639641275,15066.618288106007,1221.9210933919137,1,1,2,16.94167324546082,0.3187448156080503
26828.361521630373,19497.948241971328,938.9414570371898,1,2,1,5.160029634958049,0.30823182138905747
9768.327758459405,1556.814241404586,680.1759871125724,0,2,1,20.921069935857172,0.9102570802323007
49435.892976719035,13409.783837269864,1328.2634070892702,1,2,2,6.4750089811677825,0.7556123758931556
41006.23950084121,1556.784341180463,1955.4868630214262,0,0,2,3.1335416864249597,1.0
37209.924320210004,28673.790464046942,851.7256866173659,1,1,2,18.453374170010132,0.2522945078305778
23703.585202190647,4784.554623511587,1058.8638773058613,0,0,1,23.93807075163198,0.8428216358653879
8067.417545253631,4113.681452306682,166.77494472424254,1,0,1,30.895155724223756,0.5107596098203004
46072.95998454161,36725.64262684692,981.8379844972648,1,0,1,28.399244388400625,0.22419126849365847
17398.65983539552,6991.115462319152,919.617237984134,0,1,2,31.00341794647919,0.6510364429343418
2980.2811399982215,1796.912371779085,84.83377105436713,1,1,2,27.602406978731167,0.42553117632192927
17448.98200212612,9855.038970634458,385.0241044065774,1,2,2,25.613378891714877,0.45727407678717413
39825.623009546274,9325.084180314645,2990.258217224209,0,0,1,1.354814919924487,0.8409359230470301
31324.082876916305,8684.900678018023,407.5334460802351,0,1,1,22.913580913322367,0.7357506917453076
37666.50994487055,29832.089587012902,1866.7660899516177,1,2,2,5.216863144869119,0.25755469413035914
39784.95150118768,11963.17939339009,1924.7350400152675,0,2,2,3.053349631638937,0.7476823780198614
10991.753248486859,3705.578150010165,302.7416961372313,0,0,1,6.474425323697939,0.6904191372435172
46227.27414661242,18043.078922664252,1927.400992568049,0,2,2,29.815225650461258,0.6513816090694766
22180.485344558445,10195.013438902604,358.02951627357555,1,0,2,27.034728758500748,0.5565027649387148
32131.175638576147,10943.345915638212,1943.579798293689,0,1,1,34.20703418218243,0.7199054831177868
614.2842430437291,131.85718742313526,15.675796978730002,0,1,2,35.264169052764366,0.8108670509457709
49671.74067135331,14805.585034548454,1169.1225277194055,1,2,2,32.264939523089375,0.7254683986805909
14404.371105225679,0.0,461.5375628433095,0,2,2,5.652411784194971,1.0
