credit_limit,drawn_balance,ead_at_default,ccf
77621.64880704037,11856.98944147782,53929.30360938405,0.6397404711555043
44448.96553545318,21758.7791904388,35430.055669144436,0.6025193566429027
86001.19407122687,18032.34754754682,50476.25668157733,0.4773349967433564
70039.43487687703,16072.488679364582,40632.04656774971,0.45508518859859415
10323.557440877305,6580.652492405061,7791.050878918748,0.32338475146362994
97586.61281203883,42351.4465219513,77577.02166730244,0.6377381930987813
76352.83049704494,67463.4203391789,73833.91905266812,0.7166390795740382
78820.36622241842,29264.66364142253,58536.778373198315,0.5906911456644617
13683.249634879041,9814.353343568519,12536.229882432986,0.7035279144022955
45588.207851661144,22426.412948022888,34302.728896253175,0.5127545597238993
37709.00439902554,24924.09097971517,33099.701982251034,0.6394733178393994
92749.73389601157,56553.320430570726,87321.055597129,0.850021651894719
64742.64688798579,32492.157621038255,47235.41461774174,0.45714832028341856
82453.39971381216,74830.74208085025,77382.2779587647,0.33473048387757665
44898.00568390578,17568.885786700033,38242.1153912071,0.7564542759615466
23496.63345669291,5889.4353127815775,18168.2861504561,0.6973767624646524
55903.89391456765,37812.273068452414,51335.03530296916,0.7474599622410533
7317.908354313357,5994.145766032639,7046.175657492579,0.7947270158362004
82935.48602726562,11131.242566109386,27969.87523547865,0.23450748671251465
63534.775513084416,30635.692685246137,49554.215742830595,0.575047126893645
76050.686268452,65298.22472068164,71010.02459157616,0.5312085837757708
36098.07084485697,26610.62519511198,31566.018890747677,0.522310628021241
97099.10441509543,91568.00531182502,95102.64915423644,0.6390490888730368
89418.99101089757,49332.612917028404,81159.14843967694,0.793948893265468
78059.96621030243,51597.35360330806,55418.12553273556,0.1443837759397056
20269.23207734479,7238.309772358867,15842.270186049884,0.6602725587887934
47205.379368976384,42739.99876756478,46035.941029354326,0.7381100416720638
5336.5728129356485,2195.386888641229,4261.400098364238,0.6577175816764432
16274.659714687235,11843.624934400852,14576.214607896205,0.6166933479404424
68621.846371003,30376.776017179563,62640.4794099709,0.84360423694621
74731.4534348739,43160.85877269604,61825.94205132412,0.5912173488765224
96783.4635109868,68891.93605808656,74713.58259495025,0.20872455073299798
33256.71045567704,17712.325412498038,22133.21504996201,0.28440428007821983
37675.51089745202,32816.25076499277,36042.365551889685,0.6639106981218961
47486.025316304986,21672.899260338432,36746.181997564134,0.5839386792806368
19757.664549344285,12842.69985293274,16087.156975969432,0.46919359179380504
13862.229028211692,5420.243394723188,11460.104365914947,0.7154550165582182
48094.78769636744,21495.15582924991,31007.28233807824,0.3576036900190044
23464.025556037526,11122.947493303533,16193.511065356623,0.4108687706436708
67311.58547356853,13929.187933713714,46836.856056969744,0.6164516702099688
44278.03996836074,7879.947015142896,28091.811863434123,0.5553001052629148
83435.14140972591,55681.81284919189,76693.3994642827,0.7570834816898273
70326.24509822266,46217.71047282644,53631.5499905624,0.30751929277054174
31924.297496822066,21180.917640162126,27796.887808720276,0.615818323174791
83393.7203381249,9740.509836551662,58101.98619856539,0.6566105677223768
80671.67139218339,30458.784787465247,58766.51388224082,0.5637542672584711
39360.359523987274,10554.022652079677,18020.857094631872,0.2592080511921658
29544.482289094165,22496.017012256667,26979.046212602494,0.636029124677375
68567.05489352257,57015.96366858065,63255.45654734173,0.5401647997799839
14835.495877321671,4594.2314491836305,8966.905264929694,0.42696620582631084
20790.912045035722,13881.50535731921,17506.540473323446,0.5246521560887121
1728.8647053495456,362.98963785642326,824.1994890518299,0.33766620547653353
78905.5133727117,26344.944932412353,65866.96575230455,0.751932903175944
66820.23480261119,14557.21057580275,41040.37820377349,0.5067285718683333
70811.37248400718,24146.157667418607,49891.136067178435,0.5516952723982317
78292.17407117483,52731.81994178267,62615.11130021818,0.3866648837650724
46432.66177829565,40571.8324768954,44164.06919003435,0.6129229377625286
57305.37839933648,15595.317577307864,28726.949495881163,0.31483128194428334
14839.902814638088,8321.730448507064,13508.423279276018,0.7957280874803878
12338.47728006137,8589.831170066052,10940.758325231176,0.6271403291168663
67171.8932172567,61125.35467454719,64965.266731556745,0.6350595518223311
47638.52440817012,29466.876464625588,37500.77155167501,0.4421115306662906
56958.37454163769,18046.74216094526,34774.70911833511,0.42989630436810194
76734.88688418653,48470.084964840964,62624.68815974173,0.5007855082548017
63837.113680058486,23774.057481275344,42018.431505933935,0.4553914692412491
55804.36066514158,51881.82372071181,53747.48137591657,0.47562526029336827
56361.508913795944,24783.548437837904,48625.98065796064,0.7550339496521705
31091.05970819861,21223.17903387976,24474.443463639618,0.3294795039649468
4050.9656222260014,485.07657916062095,3387.5334076499016,0.8139504043553225
44235.02153400387,19465.719835391672,30718.65210188905,0.4543096290489235
22243.88260913339,18770.310628852458,19798.80008860806,0.29608986530125647
41444.33572873898,25641.33398915847,30532.45048750358,0.3095055343881108
85486.90425354845,40807.2979952251,56492.884719444344,0.35106815027711186
24160.009100668733,21636.420638487507,22492.991033765982,0.3394255474357775
6771.971427217536,5592.881268097098,6359.059551592879,0.6498046630016187
28857.005310177658,10789.153029969117,27849.792039518958,0.9442538462769038
30065.78201890168,16923.010723228894,23857.72559129205,0.5276447951541534
66529.73495796262,34352.6697395371,62825.71302356866,0.8848862719688642
56146.183081786556,35786.01202695906,46802.81769418152,0.5410959287893762
78605.92270153493,30184.248030784558,68161.40069989942,0.7843006861564695
66767.04049241137,20535.822447638737,36329.75121500256,0.3416290860445898
41232.29928256698,36110.05444757873,39391.15013788833,0.6405581529210782
81588.01808193744,72229.32777314002,77188.53155158574,0.5299036098869447
17530.319070862686,14319.193284179217,15832.121102876841,0.47115183870147104
3248.495240252187,3025.8880957576544,3115.5539234997404,0.4027985172968613
9914.738216788533,7269.910380735609,8826.113523246764,0.5883948744405209
72513.57570904859,54382.79929587994,56810.94089833646,0.133923751919026
46725.84579488735,34960.35156498075,42250.112184486854,0.6195881343408702
16965.906124326575,8627.442969254498,12760.191426442772,0.4956247188877277
50603.43273523299,24693.684007182863,42284.86169030942,0.6789404971759604
16078.898168603673,4891.077573739652,13195.140336590048,0.7422413232709982
69935.71713269586,45325.08057494713,68604.15904358155,0.9458950163280083
45169.47128182904,15625.119070272785,22211.723731380192,0.2229395525054383
38721.101383551766,12357.341872529725,23258.095252764742,0.41347492096784144
30849.696825639778,18450.19081360277,21119.605970620945,0.21528399231604878
63397.976718769954,28433.04349010444,46179.024029577544,0.5075365201877265
36819.44844478565,10531.397525145961,15447.585488293273,0.187012265693477
9677.342012293999,7680.399400240747,8398.371562838225,0.359535701358619
12682.584309931017,10545.371403628338,11956.105796656333,0.6600813558947326
96227.86879040193,23339.549148442085,51455.14253312703,0.3857352388255574
90949.4883800531,9675.295511555736,51482.32140790065,0.5143948456552402
70271.0062472642,27104.263075383707,37713.78968777644,0.2457801036818536
27321.126184492437,21252.672667313018,26167.11269968313,0.8098340077019018
96948.46135742466,78847.96900710465,86779.38497430338,0.43818785774954405
78096.33949261367,16992.178867519826,45002.64986989054,0.4584052986871006
71972.12872674057,54568.2255567048,65454.97145286514,0.6255347314793159
45486.78871223508,9022.238231023255,18794.566292866482,0.26799529770367997
27951.91462267074,12062.738247187222,15501.852390209828,0.21644382702737489
10542.705253196431,10003.109438156498,10314.001067237692,0.5761564867922241
90357.63725784032,23827.50770876832,58731.58817392046,0.5246356906521159
46121.85269352749,10648.108093793835,30573.408305886154,0.5616914830085888
21033.9731147278,9662.592515006923,18076.018901438532,0.73987730097066
31289.7057909146,19609.829564755142,30364.26701376357,0.9207663883390886
58342.7373252477,52098.06123655108,56768.89194550813,0.7479700536288248
18500.505510983938,17273.88450808835,18246.63246667431,0.7930305744722049
85804.81412514517,13659.658009053708,77633.52503843051,0.8867382160270616
76093.4334536858,16534.942512992264,59767.65765612014,0.7258866781258384
72226.83263914274,55768.30767061492,68607.22170755133,0.7800768332209068
43777.21093773527,14448.113787794064,29800.945638266123,0.5234675916542094
63103.57522954188,53771.92583730084,60330.778050869936,0.7028609775054953
58825.698922360825,39056.45621723127,52506.055504515025,0.6803295142809878
65334.81355392718,12744.736769332487,30178.872081228787,0.33150998016803257
9359.98779284902,7559.593131751229,8316.061035574226,0.4201678221827992
42164.93281489035,10537.139958829157,24080.250291558325,0.42820282763214534
5119.803212327355,2354.9614410064582,3425.4549285865296,0.3871807416554784
49905.09110520737,28413.822402195154,39426.88279858725,0.5124434740722638
33656.260020945745,17691.45436675807,28362.939793561312,0.6684381669252605
15307.894697738642,10458.942678844405,12521.138850207159,0.4252869822855084
11236.893804532612,7357.735178703271,9174.514339067915,0.4683436114902949
59176.81264559349,55817.682577597996,58517.34443652757,0.8036788705060641
17888.703885151725,16985.47859039298,17380.046836354057,0.4368436626505997
92586.89171930292,49903.45434278596,76391.5211060305,0.6205701412842963
58525.052830339104,10588.30713775083,30177.213682819245,0.4086407256489493
35340.11064894887,25397.76437744779,30305.042519368595,0.49357344915526796
59500.63365666026,55345.37516071332,57517.40564215134,0.5227184983934511
3257.5832319400524,1207.1868204246994,2535.69347418129,0.6479267356768116
95897.3621109031,47184.14441493249,71937.17658688343,0.5081379006092309
48748.04025734712,22475.79026233627,36161.5083410172,0.5209191478187013
78490.78749777834,11279.619193374692,62332.513614445954,0.7595894508164099
9190.269992321419,6170.574884033315,7945.243007784885,0.5876977840844494
49179.17475297787,19688.245289996386,34449.16332531912,0.5005240019257917
49579.99244109757,38144.084253196954,44818.587477381974,0.5836443520285305
93844.8190425233,75761.11610776784,89710.55651523809,0.7713818601089998
57601.077185231465,45968.31895537736,52377.611328462976,0.550969275424028
47875.450704638424,21743.406652502505,38330.99343921353,0.6347604019653881
27430.590646097466,10240.218850644456,22914.924451959054,0.7373142217125961
33825.33073691266,24912.27702836556,30229.953109483922,0.5966166316286211
52546.56784468224,41048.38140158214,49494.842322005905,0.7345907080409507
44452.234570199624,23007.091012164296,38390.17374300313,0.717322441288807
3139.595908152712,2697.1526453864494,3083.2560689314823,0.8726620021989276
82802.90049524143,18408.938875048025,44850.089800637266,0.4106153785279383
89719.91641213691,76011.47245800662,85985.1951074085,0.7275605227533379
14884.659810862466,2704.2591054834693,13049.389223620925,0.8493259268202016
55849.57821036589,12873.14312462154,37193.59790478212,0.5659020980134268
11748.99837240891,6506.172467261026,9800.741008531164,0.6283955639334182
67551.76921094136,10632.020793523847,54053.878178870335,0.7628610208695045
28842.144600061823,4178.824006324476,19063.744438211364,0.6035245892909713
66282.84083449827,6657.510344873719,35523.63932610266,0.4841252659597745
72972.46681440138,34360.4842060337,59442.45866907993,0.6495904320025945
77096.10169984805,58472.019471536056,71589.02442286395,0.7043034277086505
11666.35364963376,1512.1064026583927,5793.702862687558,0.4216557225652073
91685.17266862319,60000.51584912041,76297.53989328741,0.5143506567549669
23791.1850985932,19024.816722962743,22537.765783869956,0.737028442633234
4703.8430614417975,1142.0964881586299,3857.0145022555,0.7622434550682522
55930.39446975685,12575.064075559154,44019.76845664411,0.7252788548762447
37721.30610238144,31372.087076531123,33650.24097007798,0.35880852184678863
83149.1845701089,66490.73755640931,80182.66863183328,0.8219212189566041
81016.89573436588,45215.57012510911,67697.05310354753,0.6279511329777582
32396.750389448818,25798.17694621551,30656.310226257243,0.7362399345609527
95337.04011190475,17050.330404126173,51328.40732500128,0.43785307939016926
29800.865975871744,12972.59381673075,25356.437351137844,0.7358951303672778
51990.65579393974,37803.85754675989,45076.18022115733,0.5126119754218034
26340.543966192672,8398.265352311277,16783.571023554083,0.4673489834649736
93668.31343484737,69265.80482225615,75109.17842833567,0.23945790569517308
17296.173940619796,9141.924106942062,12552.222240181332,0.41822340531614005
5446.15131984057,4017.767917405452,4953.920416463799,0.6553930110517856
44074.60894030076,21815.948216950095,38119.942460086735,0.7324786718202131
99245.18084152786,40960.34094519547,61461.76560855334,0.3517454058349045
89276.04935923648,25560.700148878583,66762.685119442,0.6466571317773677
75112.19392623797,20815.27447109911,57149.98467654885,0.6691854817927592
89188.45659697396,65889.50537011836,78741.22287812854,0.551600687210187
89451.21733008846,17986.295810073763,65508.08547682148,0.6649666529534858
52366.97767825846,9063.938205462302,29086.79408740327,0.46238915618197496
32276.976131248506,8064.326966944686,28449.479571921227,0.8419216115777173
77429.23077898781,19283.326754306505,47733.08470678446,0.4892822362930643
66504.46505360835,53179.72882123292,62058.443472507795,0.6663332389051012
37992.1151584973,16668.3046167375,30451.388492144284,0.6463705841136826
10352.200138090011,9750.014610101449,10189.236022095241,0.7293788900256258
74932.17152355357,16232.524030524746,25457.574068450675,0.15715682175129747
26983.591076363602,17687.982804976295,25233.4426432695,0.8117230866449902
93744.50190284415,45130.48571072088,72531.62300903414,0.5636468542328119
24856.08692556279,10787.055793979973,14539.33702007372,0.2667050197700147
13153.035308737117,11098.814893908553,12447.021392269728,0.6563105344631144
83280.15454036571,77388.60818450902,81835.3540383192,0.7547671842367392
16175.147345824911,13618.343664333795,14797.752633931188,0.4612825685973537
18747.56250761617,4939.149901159581,12694.911061673687,0.5616692795584366
60338.89636056351,17358.187087842027,45079.109418233886,0.6449619561765927
87581.64204290898,57599.18769200649,63393.606232594706,0.19326031394137025
20447.03190574275,7068.969225179397,12551.393429110003,0.40980703520666567
31722.043617109382,22983.139610137692,27432.467034196052,0.5091402103179977
77963.07898587658,45332.221146146,57049.203723367544,0.3590767559581352
97210.81618003576,55242.22898984045,91956.4862727253,0.8748032693238247
50573.37743403189,40674.3916423298,48296.905576228244,0.7700297883332736
15245.852752573826,10732.361587044345,13727.529574587461,0.6636033787809021
2379.692483111953,291.7291197558707,1690.3262943915572,0.6698379862315472
23735.94696988667,3371.4602349917204,20719.40659729745,0.8518725066897797
14050.399560865582,8589.356079876094,11555.046489407137,0.5430629548830638
68088.20868767289,34947.176249940276,57612.71203595847,0.6839115778485051
13061.417958224582,4194.765246111166,9873.868239346619,0.6405013456179235
51126.66323044267,23306.48179073513,41239.00229237233,0.6445867558592643
69731.98112864576,51896.19794948743,64255.782959686854,0.692965645861965
58530.54431286934,46977.77154373996,51124.81430839469,0.3589651460761185
20777.789514345703,11989.607510367052,15708.592649169163,0.4231802592525308
80608.32809204402,34465.22392635593,58582.32945032453,0.5226589316004887
71825.30583196436,23708.976612988554,53295.43147702911,0.6148942644687958
74159.41638763863,40315.33545381403,53750.210837703606,0.39696381208161097
13974.717404174013,5136.2281670498705,10744.391115760594,0.6345160126636645
13251.626561384117,7679.064042194616,10183.439890399648,0.449411888979449
92828.69254964426,62673.711837090144,77380.30972128944,0.48770045732699313
40360.241188669126,6302.95107559107,34008.560105881545,0.8135001034521967
30793.920486313036,3107.332766708843,17805.959403927784,0.5308933981348378
49369.8204898018,13845.053651837963,29414.85472724976,0.4382801763746695
66623.55706359466,57318.56284682189,64780.13467691044,0.8018889271998308
95606.70244765002,62081.93963522386,74194.85774696092,0.36131256705706877
29358.176461323445,7226.993649172984,22685.953673412983,0.6985148582186363
92556.03450189068,79295.01012157531,88908.76614964537,0.7249633024082733
3461.089647239375,1728.6846583730223,2362.1458969622176,0.365654245202629
55964.60619035564,28244.105141082047,53840.61026767675,0.9233781554343675
63763.53605642742,57081.79670387738,61539.24044114343,0.6671082935261312
11483.842971324577,1729.049754261906,9568.515758365604,0.8036527099714669
14893.62010932735,4213.427967318283,7483.361292888026,0.30616802414142996
42492.31761231408,25406.39577839289,34017.211145595465,0.5039713660697702
96656.95930217499,25726.557790890707,72830.89866797006,0.6640924042927566
60008.21277020291,40661.44242597445,53163.202411239334,0.6461936417720707
93369.2989384209,26328.129812809548,74904.76359756578,0.7245791566334541
80631.7306456841,14859.091487789185,40638.30521861683,0.39194434130796585
47270.77855397386,13043.775053937292,42111.1739238465,0.8492533934464392
78691.58147596655,36144.92639309307,57406.12999107661,0.49971504355795804
2765.8416137217855,690.6792033517982,1735.0400564580389,0.5032670444912494
11805.255679807758,2532.088291394257,11364.876982372269,0.9525104337072867
83113.43287339089,69087.17696942332,76939.63365119437,0.5598398272164593
79884.89174419102,29744.150710254697,62418.063635907645,0.6516439975136895
24031.433454676935,9772.259458488752,15009.908189063344,0.3673178216336192
53546.18946930629,7870.210793249679,37949.95699966536,0.6585462879678484
60995.56624930108,24627.82478886634,44223.278444180425,0.5388141487046262
86906.1564238251,28251.983520674185,33176.17900963293,0.08395302917474462
60707.60857653384,37572.68609115696,44790.421607147975,0.31198442616581906
41844.58535809435,11489.75960208525,26858.38278054462,0.5062991730537925
38044.22029731109,32532.017380447898,35135.60698856041,0.472331960085774
43162.32655097748,38423.82078942033,41789.5504495021,0.7102934615775871
65541.17153241744,12115.704929525338,22865.65025939457,0.20121387820106187
86881.57254348016,16619.794331792727,71983.55579753588,0.7879641374708886
45935.79132555368,9096.548648633232,31645.19949821086,0.6120823668208634
25536.116732184455,16001.795598109356,20617.032648913497,0.48406561787703567
24429.573936760535,4975.659748452774,18527.59128673101,0.6966172158003684
74855.4137441012,61720.1577897123,71067.82065081694,0.7116467995419076
81840.30757896713,60654.37162138173,71443.69344373957,0.5092681222089145
11422.529905558371,9101.900510611506,10867.61865776092,0.7608789886891197
7589.326838562638,4152.511167950072,5991.615023748385,0.5351185609179084
59848.93271188873,56687.450533719166,58351.44065510246,0.5263322794837676
15471.15117507713,2128.0388589578697,13693.2388045511,0.86675429776768
82641.75485517779,36451.23016742219,74568.74309460004,0.8252236402346435
31723.132718483368,11907.156321776572,28904.58633243813,0.8577639410938314
15243.321364143121,13815.764104310227,14347.647714146551,0.3725830303287352
92176.07677625757,54414.47067737046,81309.94161951513,0.712243829664261
17387.640550792537,13653.858969161149,16188.62535959117,0.6788737731473069
29187.28815145562,7144.756693013543,18294.518284022066,0.5058294512147911
16207.726124013805,15102.991665356356,15623.168267538298,0.4708612084157289
12433.516302870143,6513.218125328092,8539.138187819148,0.34219899095220296
3093.6536173075633,1607.5282055714122,2494.415619219054,0.5967783113348046
6484.145507261751,5999.468723794732,6314.8112814938895,0.6506244335522531
18289.505622649416,7747.846224289669,13943.027664251287,0.5876856010853064
6284.811330090363,2752.0954445790553,4770.735600905404,0.5714131058785048
59523.23779498615,35537.741832769854,46421.331636105526,0.4537571297454219
68390.73815315113,14283.04448944608,39079.75078362212,0.45828429591353004
39969.415226370795,14905.505539120659,27196.607331091516,0.49039044368338397
32481.11859825289,8582.390930008596,20706.440377555507,0.5073094106033468
50948.09746520078,9567.59199259742,34378.094186086804,0.5995698194144967
87625.48928122624,73274.44210846574,84056.97756403008,0.7513413708255731
85262.03105539839,51236.6394655736,68136.33679678629,0.49667899593744896
5304.0311392664025,2147.4530207375406,4536.878516692799,0.7569670086507667
18968.342550055884,8485.847883673972,17194.300130086478,0.8307614287981576
24437.742239335206,11407.321879896885,16670.281117416445,0.4038978860499649
25689.37000738897,16394.360069231378,19401.321292911263,0.3235027443419721
57552.0325225345,51092.04608813789,55071.41294916118,0.616002355645036
42209.980144616035,37687.715855731774,40051.11515024286,0.5226141471475544
5876.1578728318045,2543.0141633023536,4946.961789036888,0.7212253161667327
37987.79970749759,14430.542882188132,30664.298277439957,0.6891190903777301
52851.54192304608,25547.881754021197,45131.55057203845,0.7172543423403099
11065.51838746788,6448.365507973857,9269.168618736861,0.6109399416447576
83512.39682506741,41133.63226213468,70204.45118700484,0.6859760831795796
6144.2247800453215,4054.8221488593877,4829.776364885837,0.3708975017355032
92559.34503278814,52873.52342049989,75360.09296951,0.5666146909768753
10812.201016407675,4028.7149175926847,7939.3926974370825,0.5764997116346351
84513.92020817753,33287.59789279,63400.758136055825,0.5878454451183652
90362.66124883409,38115.320166368416,52941.52587862879,0.28376957382116574
97977.49737807267,17679.43223649577,53008.179842958365,0.43997009821062305
80400.56214708576,19388.855862760633,53373.884178329405,0.5570247151783078
78168.27653636156,55862.70335899248,67658.17538164758,0.5288127737790045
64605.84432355922,27827.81776804961,45159.75121167934,0.47125784243671653
78120.63910323477,22057.99731193078,50770.97280900476,0.512158802718564
14320.668632901561,8281.235232900854,10722.824086368066,0.40427448930340487
54070.73555881609,40131.76554039475,48646.57953861844,0.6108639294704526
51908.06414885103,16548.75843816157,41017.8374988726,0.6920124297947907
85899.6422681332,68957.7760517508,80027.97661747315,0.6534227353901377
46817.13719375807,41591.36764117758,43116.36966622737,0.2918234357075206
39123.86011393499,23778.90900146126,36558.07412173959,0.8327928206881217
64316.7638524739,43002.542706320055,60682.90050636862,0.8295099163517401
27379.86843258376,3961.581986352721,20572.620936230152,0.7093191463011944
14837.07268444173,13408.142513970004,14357.373469148702,0.664294851346958
48309.85012835084,20947.731899339364,40706.43797621708,0.7221190227855963
42272.047490893616,37424.0921164946,39200.47075310895,0.3664181081358588
24024.424112358494,14225.60377644071,21509.98445692305,0.7433936362504056
37383.66920139767,3885.1344209965114,27264.470431049052,0.6979211527702694
37272.8525327985,4948.3699718162425,28519.12844985696,0.7291921358237656
33422.060876842,22672.055020805215,27755.107828119246,0.4728418640311331
38566.94389296597,22302.022251145943,33344.8730101089,0.6789366098493713
68888.59120013859,8442.474007211571,31881.85548543786,0.3877731534585484
30390.770982557246,22244.250302034565,28518.028986802565,0.7701175668488546
94936.9347448187,78258.74979415454,81659.298730855,0.20389202702570047
91718.45393427962,47872.89278941661,74380.32954576467,0.6045637474856151
48610.13240170778,24105.464456590453,44090.170214035534,0.815546890992544
33507.75929546419,3506.6588009607085,16144.217016452163,0.4212364882350495
54008.04419317031,41513.4049906812,51646.410677621025,0.8109882584621717
85007.48838858883,32397.089712122306,64416.45310160116,0.6086128255059514
65606.1467154501,55565.06539405031,62007.508451407055,0.6416084932632166
80634.79096676066,33632.892218004505,70471.05321029606,0.7837589964015321
53739.50533050828,31185.906814968417,36537.96241993046,0.2373038431660638
63658.84529749445,20994.0836913141,47969.62884559714,0.6322675702089332
29527.40580406371,6983.233412528388,18616.239062998917,0.5160094346527612
73754.42306871878,55955.39485036015,68620.40999810837,0.7115565519855191
21038.054719446118,10984.00848900003,14102.184721989794,0.31014142580199905
69785.01475303133,38801.496498096,54191.88422566338,0.496728215334805
86211.18776426351,79366.32640722132,83146.22728547094,0.5522246077870898
14078.18089285285,12938.452551920622,13385.313264981676,0.39207651245695113
61823.59431365006,51146.400129695154,57114.50273476976,0.558957953021323
10414.479074763525,2702.223003149085,6933.279423119962,0.5486146181716671
72845.84719887126,44081.33792090838,63259.85338925781,0.6667423136970572
9364.828663528504,7926.628013588077,8708.011309727588,0.5433061764864849
93658.04244736198,39176.629611435936,62424.43265654027,0.42671072270310706
14603.385073742415,2715.35694068823,8371.142665114872,0.4757547392322329
95929.14434499896,75718.64514580072,83379.40472499157,0.37904850858383343
80287.53343242456,40906.419494279304,57739.25122607993,0.4274341187565047
59774.51844216906,34653.30742285861,49838.477909394685,0.6044760531195478
78479.78635832515,73364.68200169373,76177.29841089413,0.5498649124438725
79716.3690593255,49115.62382269301,66550.11285324392,0.5697406679390241
94656.6792189157,43658.73469799238,87265.35474662972,0.8550662278309376
26084.952030079534,10811.86601710539,19393.310655986585,0.5618671060708654
59417.51364047261,27033.566379174095,43935.54145474662,0.5219244874380022
10409.87055887572,2088.6283165401483,5328.081960181013,0.3892992836045149
62000.40430238801,48083.66798046118,60701.276280181664,0.9066499506669915
17957.839105186093,14582.830782289757,17397.172136637862,0.8338768634303446
56930.110535771746,19455.157314799955,39687.913222585645,0.5399007648784202
57670.62088935112,20659.180755553854,44074.650171739646,0.6326549124146019
47132.53014514151,39741.400854100044,44569.36293295759,0.6532103402262711
52740.54577579915,6348.632765616584,23125.831670252865,0.3616405924229477
76628.4156106522,41562.39647342007,69038.64494876354,0.7835576763879064
80125.2269346946,39591.826276987136,54520.09537362977,0.3682955008563785
49723.16834196748,34140.312944087505,43069.70655158249,0.5730267899880412
60359.75071073862,14418.915016914965,38740.4865024391,0.5294107327001445
93192.38733332008,62260.0754068367,74182.26786414228,0.3854284311383182
12853.625261611158,5401.400622610365,11175.417057516817,0.774804399304936
12593.25302411094,7882.2122909710215,11318.640413128349,0.7294413945487034
9683.192179166072,1298.32975103671,3542.917805068987,0.2676952750592758
66128.46521901226,32566.16078663589,47946.63236418037,0.45826625548117844
42442.22177824757,23084.887204169467,37826.65912129913,0.7615600102749035
77657.82019804248,21913.28508791915,64280.15865445553,0.7600184212289263
67451.90991755067,14750.39081419697,44966.107463088905,0.5733367303822013
34030.138074495575,8854.749379202052,19770.90021265963,0.43360406330085105
89938.28818879204,35302.56935687274,78145.5430861972,0.7841568601142797
76490.68255999457,13943.38149521087,63948.87052842237,0.7994827623564132
27782.959150107396,25149.74102382787,26460.242476211384,0.4976805526685023
37055.00975943335,16461.501041997384,22614.826039837262,0.2987992518550287
32129.558040222026,25306.016231060745,28278.400754103517,0.4356072852154362
16603.553213874966,15412.323894028881,16136.652069608346,0.6080509969927985
15630.553881676973,2635.7019607675243,4731.690338125796,0.16129374848709963
93676.61887419866,61256.92541016338,84018.32309095669,0.7020855303904595
44352.49968267657,37287.04552496315,41058.52382838223,0.5337913486144028
38948.662454963574,24892.06169849859,29407.170283572443,0.3212091360706279
73238.88515906042,34032.074123388804,55519.79120951791,0.5480608220489775
55746.31346003709,26000.911440384934,32744.25373398482,0.2267020055450823
93677.85869700776,12226.27702486153,75712.43882797372,0.7794343645609324
78249.84789702983,43382.5481426231,70072.28703028013,0.7654661839503024
48457.5868483295,45768.75033102893,47310.69485523202,0.5734616122184728
38259.58787460179,35003.75039803067,37123.98630587747,0.6512106095909078
98676.52294750788,13256.139411870325,51396.371826452014,0.4465003648534253
72058.2633643607,50435.556750349824,63540.37175848627,0.6060672811258934
95168.27134038028,33927.501741624146,69823.39548086927,0.5861437401004543
12729.379144487095,11043.255516954923,12107.027077531418,0.6308977249393287
85202.83423988748,11787.601994364732,46759.313908825185,0.47635498580872787
64070.31451512955,57374.51730456516,62248.19492952355,0.7278711513647519
13070.246155176146,10611.136617768769,11986.052591479393,0.5591113176520753
59237.541996952845,11840.324361432595,44615.98047050656,0.6915101295843018
68923.54014543943,10397.163362092646,50465.993844738936,0.6846285843214466
2217.965902971681,1795.4467579595018,2149.631930889804,0.83827011654133
45977.47822233291,10684.891008649056,31218.55962885081,0.5818125062885817
82714.5516084358,45878.73690848626,64569.83203292435,0.5074163630338736
30240.543509064897,26562.78323610752,28964.04368429831,0.6529138035035322
46396.26009805656,27017.975737933702,38641.162841334364,0.5998047550235747
44789.09857972142,19601.87313196448,40430.47904439209,0.8269511842672018
30890.81175280667,14773.952276131322,20224.88936901097,0.33821335358593624
91925.74765603986,14124.35390645814,69431.0675079134,0.7108704733422928
78348.10950772007,72349.7369666841,75644.02810971302,0.5491974899011468
11948.252688614939,4349.833765667344,6153.819245983481,0.23741590173029464
99706.43112591973,26019.287361798586,69871.45111522026,0.5951128176958006
88040.80240646678,30210.3391238449,65671.59133263455,0.6131932928755525
29106.935348539857,26770.149535089422,28765.394920058483,0.8538417913548254
83852.76138643289,15105.500192061845,69930.59563944826,0.7974877034356017
11535.533655266903,9657.636266590876,11124.986344861642,0.7813792633820588
99911.36831694962,70104.54106947494,92496.63500785924,0.7512404373827283
66902.78887454716,53891.2871067909,58178.05367224102,0.329459784271262
65362.3765403209,60755.172777586624,62293.934739981734,0.33399042925808975
9953.631971429142,8120.486075577451,8709.428701389998,0.3212742789023462
89806.3064907659,80994.06253938908,86561.92004186969,0.6318319752837391
3870.950817242473,804.7511973341873,3061.379338554141,0.7359690890860695
24841.977746073557,19287.815327096378,22324.565290650393,0.5467520995025644
15159.165641496866,8547.106562296054,11689.455030604207,0.47524506824097573
77900.02612852964,43777.57551169559,61648.6721106919,0.5237342651520971
20622.21849407689,17819.31543194109,18804.674272469485,0.351549382438348
91153.18448595764,84410.87929906829,90238.51845414168,0.8643392717383129
65970.63489342152,46120.900407459354,55938.37839973855,0.4945898898155116
4580.108338974926,2338.1344570037045,4048.5493182322284,0.7629057925173811
1537.5535787413455,750.2389351822226,1435.9773044149288,0.8709838878809207
6114.133784425493,2619.2352309851167,5480.284359428595,0.8186358158027399
60986.592587125044,24843.448050693096,40026.017494155865,0.42006775111000316
80346.69927508211,34772.51002952098,59741.53818524217,0.5478765189038036
24616.729242111458,4339.689351376022,16800.748372456204,0.6145403415995463
85091.47544938422,14109.925680598175,68395.49679852377,0.7647842473819519
6665.962075172778,5085.391589917462,6006.7420379892765,0.582922721047132
80295.42151052595,38474.511468284465,60590.67438746224,0.5288302644978122
92851.74758705575,82738.50379020878,88004.21811464234,0.520675109807524
77438.73151133368,48042.04871472261,51776.661483696684,0.12704197935573236
70113.95761388508,9107.773986707914,48121.468794569286,0.6395039402281422
83960.04164688292,19637.820517454264,65184.06520434303,0.7080950235726622
4974.978655159575,1367.8545810076707,3354.880951604595,0.5508616642370716
20976.428961186484,19494.981686526848,20579.355681447414,0.7319693474542996
13367.444251258665,3821.733493133016,8740.198372454954,0.5152539191631345
50948.56802910566,27430.31798870587,45054.70956302292,0.7493921335151114
74773.62470455561,66978.50363245302,71520.28294272363,0.5826438445612936
63371.17261306347,58974.08905039478,61007.80011624103,0.4625136267849188
85261.97887643156,25655.872569204705,52280.926628344045,0.44668333009215905
16366.086251667997,2319.8926801448793,12420.13428924305,0.7190732177844348
73727.488101581,16998.72449884543,50620.23374368083,0.5926712854220237
20111.107596021506,3093.6757313197277,12239.198567682452,0.5374208581573772
27805.116380462227,7392.146035434738,20586.20458046242,0.6463566214037879
71280.56503084909,41576.8314480692,56750.61035175553,0.5108374292881153
98040.2737049695,85842.24764150243,93152.51221765716,0.5992989798610837
61542.81699172989,34256.95062631985,55872.35146065125,0.7921830498199971
6395.531184138264,4042.5584896056057,4947.693896563844,0.3846773951356939
62014.58802282575,16842.366079568506,35129.35168501927,0.40482811822765374
5192.704606436542,4052.8855773177893,4957.007189003896,0.7932150530818259
88530.4254253149,55342.190201615675,79675.73554486656,0.7331979293034135
71248.25022496145,59457.82650218497,65376.838495768134,0.5020185985469672
18139.65679582782,16443.90074662886,17248.150686822333,0.47427219296866624
10080.37957659561,3988.964051085305,6679.30318146634,0.44166074685171863
19169.78965915158,3392.903240616256,15078.389037281562,0.7406712254033042
98022.69077586506,28626.508799898176,62065.63684425327,0.48185832551905594
46397.50360339049,21907.292638324023,33218.557578749016,0.4618688241011767
78624.01388579939,71063.49757942569,76807.62153505684,0.7597528690982011
64004.42586866991,26981.92012113259,38546.65956404927,0.31237052191384823
57668.9018459051,43549.08826826341,51650.534504905954,0.5737643908748871
15367.89521183992,8596.880315447712,10511.440774150438,0.2827582700671445
94656.42090225141,24174.062420982074,54862.12692655264,0.43540064729425754
30832.920618957076,11489.08624695618,19818.29419582738,0.43058722426445384
58223.70436494667,38148.93396257287,41495.258995762764,0.16669306627757005
70277.81851431755,47221.45029607806,62702.88813547753,0.6714603832164849
65274.08236928558,30649.17023238247,51865.690330573634,0.6127530378792982
94118.84655985632,27703.76599049586,52094.854239172266,0.3672522571617393
15695.460002085742,11200.606135822954,14321.880108204134,0.6944105559935231
51326.92110624727,12500.265401878376,28638.107925026692,0.4156382317865311
40999.40468333583,36742.40525701831,39935.38904933938,0.7500550205812763
47942.704218779196,12451.58527656435,25479.883965149245,0.36708616343702843
12802.535093576716,2448.0432568249553,9609.900300610314,0.6916666850192871
14275.366377403769,7466.024424158498,9750.19464656317,0.33544654359971715
28529.47903234448,15452.055363937936,23347.646492689266,0.6037573859311535
31165.7557723223,16579.0594043551,25305.323197295013,0.5982344166773113
43362.41815445365,20430.956342536625,28856.25290031795,0.3674121007585686
61487.7671566262,58142.381235775974,59739.725194218925,0.47747673847954275
63828.282624408035,32765.516185702767,51626.80806846071,0.6071993593994942
41769.27876197145,21145.88924581228,33203.34486276907,0.5846495605152262
41469.52783344101,19013.826338745075,33736.27187140867,0.6556217153198735
22545.224142999235,3535.1337898290544,12192.385638336937,0.4554029827146072
59242.318592491814,35783.13866523096,49285.692571041014,0.5755765524488493
32387.05022040655,9514.428156523103,22657.295233865014,0.5746112990733534
4569.923593459007,2933.743033173462,3994.7292683666356,0.6484530258738748
42421.60437152918,6075.1318970243765,32171.340848334286,0.717984639901852
47939.13483392686,44783.73476895032,45988.71817330899,0.38187975519599626
23333.693952216887,11635.447224581132,19683.99634908872,0.6880132819812923
57673.335379089454,49728.37584184673,56810.211565373334,0.8913620881679571
57011.41814276017,28746.6961789738,32782.411316120015,0.14278276440563958
70498.21592992677,10665.054406806188,35955.910274565125,0.4226896126487668
65146.8997379198,52044.6539067448,57699.73950928359,0.43161192939024895
65590.87259558213,42696.783226015534,52812.50652224714,0.44184868561221596
32305.20103058027,24697.115895164847,31205.64919593303,0.8554758766395953
78955.78997660943,36631.09534255305,52266.54725572952,0.3694167683514832
55365.293976368266,35558.15147364817,48874.34970601447,0.6722927464442487
43710.40132280912,36183.23650543286,39501.22199541696,0.440801493056804
62975.23561316465,40077.794270672195,51735.123047766545,0.5091105422098403
36705.07611057517,14517.686755105844,26682.07864076803,0.5482570162164477
51761.18521606907,34325.43800995549,46247.880387228484,0.6837930279863529
73933.8631597398,49615.24561362088,63393.19524889395,0.5665597400487073
88753.88578564706,81342.84030243514,85609.15872794519,0.575670252621502
92184.66253222397,38282.02936503054,73496.16324810601,0.6532915335295293
50859.659593126824,23462.55285507406,42779.83380786606,0.7050847061146633
52507.23635931634,41496.70607042692,49819.67054622316,0.7559095027598112
80187.17066561981,42491.01875779982,69124.1810755968,0.7065220445557464
32130.618482675924,23329.628531847815,27847.015790409016,0.5132817198747224
83900.8538721618,41174.599497871175,69838.0135719046,0.6708618504897741
49920.02300522492,14135.896371806071,37620.93761676044,0.6562977346224138
12469.815709191571,9145.652968390645,11379.586600631892,0.6720289608032253
8133.855560221426,1720.163177828252,4618.80830096011,0.45194639067648446
84357.32789290685,22674.92192517314,70425.86364637475,0.7741420097358118
6501.223773780912,4113.982435443123,5476.541547790781,0.5707672242708373
28780.532177231937,21158.852367799507,26998.05355886332,0.7661304774096309
34078.87400965304,29324.34980931663,31268.788482879194,0.4089659851610358
18126.450073967786,6012.516713206653,13706.808781524112,0.6351605080840578
32075.443610396935,6226.344617128019,26189.62595111634,0.7723008581145031
74526.56410578347,68015.8981707567,73229.82015900762,0.8008277556064582
2453.601512447006,567.4189652233865,1622.0945141791778,0.5591587890091704
82890.16902754796,22215.969037469335,67641.65891396912,0.748682139755081
85798.25433388125,29826.05020204403,71721.1632086509,0.7484985388091365
37853.89574596327,20818.985930102936,35328.51341500901,0.8517525271191627
16207.677007002845,13783.036584334362,15226.163650876508,0.5951921996556856
60483.200386563,45148.53891023423,52322.69287252674,0.46783908294075094
12847.583030624539,9018.154329056093,10670.372121554408,0.4314528148341306
37127.016746747,9241.043769695023,24495.05653653716,0.5470138258899921
95884.48890919627,38740.232759149374,72940.26640813301,0.5984859363499752
99550.98278578007,50436.92675584218,85072.58998087337,0.7052087737147738
77438.38424410397,17447.801912945062,60879.895132346704,0.7239818573463515
31785.189482155856,10565.881606539448,23302.93348536837,0.6002576499427371
69078.83986744315,25012.2890051674,57985.11071532642,0.7482505679469054
70835.23018291725,14746.816002919231,27254.076511714244,0.22299187259345424
39396.327821201325,22365.442572376483,34116.74420231039,0.6899994602890512
64447.974824029785,45066.791023251935,60488.91707198641,0.7957267320335469
2062.036852591948,328.77504633628666,772.6783529407514,0.2561086299844236
21696.708201621903,11042.640235974346,15239.714949539553,0.393941049287281
52983.74199375886,40526.178930869675,47794.63994870752,0.5834576940244784
17211.37912157129,12663.988347461656,16091.624717024844,0.7537589223864994
17424.77991977683,13814.576914099125,17055.08132737437,0.8975961762202734
83794.12476447356,40305.35428579115,69145.80794414015,0.6631701319881229
98924.16726567694,78889.40390655394,91377.40757553303,0.6233167542402024
56040.97337481639,17072.328323232166,47844.824279898225,0.7896732338507376
84067.90335728963,34189.4896321355,66912.10499663044,0.6560476350512454
99041.84476830099,24750.7788568868,64173.453339551954,0.5306516200706201
15017.992968308696,7469.3768938724925,10569.102684029907,0.4106349772715032
45376.31571218076,19659.335023178723,39521.70586824756,0.7723445876196133
39864.69886835007,12150.283790150012,35427.79777274406,0.8399063778511408
8924.879080972318,6595.607044595716,7975.13685058856,0.5922579176878072
75777.6871066797,27792.963832708072,67213.09785384734,0.8215142514434786
43944.123704936705,14584.337516989019,41762.783904118696,0.9257031441968246
47463.36648484973,10026.95802959321,40957.248725428704,0.826208815752263
15916.624407510779,7528.538618780443,10286.611863312073,0.3288084211343177
18911.738570855945,6761.323535354935,16688.157633614217,0.8169954745788616
90803.25859346529,37581.82656760003,55682.85184187154,0.3401078209521784
5420.259808453609,1629.317486709526,3003.7642425769245,0.3625607142540386
24052.37620942692,18007.585126264752,22560.30948543962,0.7531648813896199
29913.873701138305,26638.38964335797,28145.12596200695,0.4600041679549604
49529.556697757056,25915.948013953173,36716.393791016526,0.45738226298596923
59058.072128464795,38183.9173873757,53933.810485549606,0.7545164483796563
49835.70760921599,41717.293181143075,43966.043581130565,0.27699379231139803
9327.41812113132,8851.768222423774,9233.863534889437,0.8033120862716586
25123.077951515643,15613.716894997877,22684.489255303877,0.7435591432780497
84515.25009149157,72371.46902890647,83121.67154977503,0.8852434398697987
64121.28134736745,55934.08439487939,62530.99519695182,0.8057593875358839
65265.755963293166,50433.05330736125,61181.56954186596,0.7246498823467042
67350.12227978413,33122.22994663864,54859.85212078295,0.6350850342337351
76527.39888491337,12931.668765805585,39731.62684732783,0.42141128077826734
6752.739690423286,765.9951503596396,4124.813170861336,0.5610424827757873
37294.23010832863,18856.72870250237,35328.020492062285,0.8933581306388392
54413.216090906186,28303.97860967107,47179.38066374703,0.7229396135234452
34507.19184643528,15399.111443301657,31095.95398874033,0.8214766849559874
84603.40845543146,49318.90116403549,73494.6295063035,0.6851655357580464
48774.6783501421,27769.292348039828,39619.600141514056,0.5641556785620706
77094.13135647854,62532.675463577645,71214.1303433914,0.5961941541879886
85349.53617123574,16417.711977496114,56069.28459994083,0.5752288306051512
50974.35680744631,14853.979373306902,34177.46455054759,0.5349746195890238
91045.67214326364,70474.28783831043,85862.94259000788,0.7480612156952485
59125.27011316108,48521.823229836744,50349.989765895225,0.17241247644985846
85177.15558453846,80543.567857877,83708.21757838991,0.6829804262264542
34718.488763560905,29232.10700399152,32621.456960654887,0.6177750847818126
50382.87889461704,43148.61070596213,49330.54099926884,0.8545342987147583
53609.693059453195,19685.251516466153,39055.42245893854,0.5709798028046432
11392.991873710987,5029.007759783856,9599.090857979987,0.7181166728865377
40456.69816345252,13264.632259011432,30341.205023875365,0.62799835896525
91816.42958261594,56499.6520583839,79048.85330082534,0.6384841093434891
63452.3917961095,56979.267561726745,61058.732589148465,0.6302157783027191
18573.15166125978,7298.222501899579,12326.368263703738,0.445958080156087
34546.70792535089,19810.861984209787,24684.978538934934,0.33076598209520286
19968.697956607284,7026.079947063729,15251.643845366922,0.635540961823788
3457.4900480586816,844.7684663636653,2261.1837600066274,0.5421225528071979
92818.58539189864,24681.17659091535,63749.93853176624,0.5733819736961745
45372.52549743027,6772.010178879657,29496.871340152386,0.5887191135593889
31445.972169657827,28518.33626654349,30802.863414534535,0.7803317159626398
60249.24196421592,26657.13655953264,51294.01549899491,0.7334127659657642
1724.131173008548,1394.8268744656064,1497.3800926843642,0.31142386744576556
28524.18855348057,19371.63364948566,23146.818434983652,0.41247332849652724
70600.31310419037,18577.27128432015,53246.43776056721,0.6664194415291795
63743.207533857036,15881.168191726158,44292.006774114685,0.5935985798536524
98198.78880671102,77595.69810729493,83356.50139235523,0.27960869410838307
62415.41325614636,20285.318515865514,47629.62966935184,0.6490446157801362
48273.081489145545,42301.33473023808,46223.06314997343,0.6567137854406995
76381.82375521676,16731.216526936172,61152.599814542795,0.7446928933616332
90429.45932444125,61135.04597938293,82650.15461265935,0.7344440859712863
72348.8987251168,57322.234648044745,67470.50714375346,0.675350992319921
96357.91113138858,28904.28315597809,42449.33136510205,0.20080533272519704
78418.51190307955,26252.656046404358,68026.6878742013,0.8007926092992782
86813.34238793072,79854.47629551693,81958.53514695165,0.30235656549397494
12296.303047180081,3995.166794478349,7538.11633291398,0.42680296173701804
73508.93679638498,34215.72644496184,62277.31538749533,0.71415872339169
44568.78125320949,20842.067059568923,37476.58653088847,0.7010882052845759
55757.276438716246,17567.976869237806,29476.032695120713,0.31181655490220184
65756.13853875332,49936.686087229515,59816.28192675305,0.6245219845502229
97011.69655385138,73347.82178542597,90870.59421345318,0.7404861883146779
98473.23006173084,41513.39032965568,80141.12888490195,0.6781574305149293
29534.59630330262,23918.797267069116,27571.412487153513,0.6504177226637714
73641.5962463537,20701.66117048056,40960.48317467123,0.382675611051579
75248.3702555916,7800.23923698631,54158.6491391147,0.6873194142227694
35302.79326999183,20669.512136436526,30402.83631000975,0.6651498105407078
13263.107711557881,12533.187255401996,13167.891031854982,0.8695519780273653
5053.749068286255,671.3787548934815,2471.832847267685,0.4108402448035742
77956.96962538868,21578.361549634214,53286.39824064377,0.5624125492492524
49480.27443987368,26772.66052694775,40768.0682640415,0.6163310592984451
98568.4767799977,77716.27865042415,89532.11113845417,0.5666468549074575
47032.372163171654,8262.915429035349,40021.68687777262,0.8191698858852937
97813.78092831018,42641.86455517268,76687.75429537316,0.6170873150379996
41746.024217211925,30683.930217131183,37104.35166469001,0.5803983809495711
79574.53290543729,33088.02396419893,55724.00773836197,0.48693662504913493
9397.107958871375,2448.0495911970847,8190.1946976746995,0.8263198843154047
55990.70930363863,14903.128465925001,40091.32422363038,0.6130367192264952
80403.9189115867,36064.491892130216,54552.218703324754,0.4169590825583284
92545.46505476898,46967.24122711884,77388.12208467314,0.6674433161895046
82435.72597112574,68631.22520440182,73521.0834492357,0.3542220271102446
4660.1019929162485,3010.0277086570136,4186.258292611614,0.7128349282060619
37897.53178936669,26029.603694824964,33530.53039918015,0.6320333797611223
5821.148759071276,5445.912246610971,5709.311431180926,0.7019551025110313
11818.946820341243,5319.317043374178,8431.826007426153,0.47887480839014346
67855.25723808093,30049.784995802984,53286.98700723548,0.6146518118466006
71612.56143485811,63366.011377647286,69754.54271259949,0.7746913910218781
77598.34759241101,23977.44313441174,43529.07470797001,0.3646270381148246
86680.19825751062,62439.47053050453,73710.46882438754,0.46496121819503927
74203.71537917448,55013.682361860054,61769.61157448196,0.35205406924137633
80286.28761855657,14702.00875712105,58904.38228806907,0.6739781895648721
5847.407272504645,2911.9894950880407,4986.213326616262,0.7066196326417626
24218.97989368856,6550.70368067928,10611.713103483653,0.22984751731548214
62567.879564149334,16115.545037860598,44312.25390943285,0.6070030528953267
85954.40515785749,42483.299446565856,59002.326093576645,0.3800001489890782
1445.512369026253,500.16932574419997,1155.1201985973178,0.6928182076415897
51948.30486951863,40345.72269061094,43930.536586891365,0.3089669041773518
68051.45253707533,59304.40176425283,63843.85748021917,0.5189698601122389
3931.121623732708,3075.3656422484373,3720.103725232575,0.7534134694166769
40734.2001977854,13284.491620316629,30509.56281838897,0.6275138094621158
89667.85325698598,29860.671523767112,57292.31038151817,0.4586679736911031
67489.66807673001,21361.768836959807,33814.72190714622,0.26996575338184514
24528.177972699134,5268.220482457443,15145.432031152512,0.5128366224951165
85425.33183355935,77073.17864570256,82170.03410548571,0.6102444896716552
35455.11091754192,15661.962977894731,34891.69073158688,0.9715345842069688
85481.12244326188,24873.814456888987,71921.13915592733,0.7762648806249006
30595.421460771646,25078.16113067105,27946.43592436535,0.5198730206812632
59441.70483743175,26113.69243385575,52991.05702486603,0.80644966959165
40297.06670703557,5232.54547855447,25226.973942993107,0.5702182081470486
28207.680024751637,6703.564599336483,20497.04207552548,0.6414343116800258
88769.19865501505,57110.79925085991,84491.66483833181,0.8648847099919457
19571.77451200964,14981.59611800022,16608.32289126746,0.3543929306517277
9396.347532340547,2624.345650881483,5920.304555063387,0.48670377856891145
34850.76691602037,30661.225565206594,33313.27574767437,0.6330168293845923
72046.2756165152,59319.12466276959,68973.94599613166,0.7586003629917387
80935.7289916519,66458.24047272296,75409.6580052601,0.6182990593177409
99875.59363660972,29314.682720539404,83620.50637136714,0.7696304220820304
30339.843644105327,4337.250259347111,26148.995889086324,0.8388296239145313
41386.25316199694,34653.1239893461,40403.42932823609,0.8540316384018056
14545.306524933003,5235.2950055308265,11326.74641533535,0.654290426720726
57912.321032680324,36257.68363833811,49745.42341598775,0.62285687504394
99760.4236890288,74418.46793037622,94804.90208309118,0.8044538608964444
70387.2200019452,14714.396940044868,45175.89882015092,0.5471520969259481
59926.071200923805,45766.29572501493,54020.39758675896,0.5829260411499729
39844.54019925761,35769.82794085814,38195.3350509819,0.5952585007993887
91614.57726826992,65881.75761952765,84013.62496432208,0.7046203094840663
50194.7430169046,23844.477403905315,37269.50045751461,0.5094834052445519
14302.324417993088,12087.987319800139,13742.670072364075,0.7472587411890769
37172.46785671421,20383.11331537465,29745.133384696986,0.5576164376224658
7649.500215928922,5607.50658877196,6632.261653069258,0.5018404811204278
20995.924731189374,16742.78135605537,18282.36332843542,0.36198684986290686
2749.2093189913085,2026.029621905486,2585.9915286265314,0.7743053475885853
45874.711733516175,15811.941714178294,30398.566007527435,0.48520559762012255
63819.48623022792,12774.575252522418,41265.641309735875,0.5581568370186262
34985.953775511865,10586.321033058022,16810.18049734593,0.2550800469000003
42617.795379022435,22478.487528549616,34537.394738876166,0.5987746599763824
95961.71801161302,50810.3271057972,69825.85217783049,0.4211503719054632
75444.34903591663,44908.07500905859,65237.198985047165,0.6657368858462622
54544.80705755017,23772.621178318266,37970.47632619789,0.4613859803005326
29169.5466360707,22427.229785026448,26439.24091701578,0.5950493310571648
89802.68307852652,78683.37662559115,81192.34239278315,0.22564049096152541
24274.614571185288,7518.243698647385,19998.22298376008,0.7447901087917667
33208.93032115103,24111.169016201256,28480.197531340003,0.48023116552439254
90997.4166278719,61539.37572159701,72712.52892138461,0.3792904367040781
53424.663473222165,29096.510153853804,52192.496874834425,0.9493522347457924
74489.47699237968,19385.938439994607,48920.145482312,0.5359765963893628
59483.73462221285,46156.25039989459,52663.564229012394,0.4882627299022146
65690.48169194002,60207.4510837566,61798.44204111911,0.29016634614221476
30638.94585996773,21862.75324360063,27588.26963824,0.6523918337846878
24895.83410103963,21912.84008348277,24025.09896242073,0.7081002732509498
32926.742369697866,30837.786700516062,32078.672669398406,0.5940221648496583
16388.714844258822,6543.080878636423,14460.151319471432,0.8041199244740076
87557.12216378993,56254.577169051416,75334.91943293763,0.6095460374577635
29041.446391761292,14603.283003580504,25239.934461890734,0.7367039125639409
56587.450047024075,53114.929193571246,54546.326385187844,0.41220693900032807
79405.46808899603,14272.072858281625,43780.918624879,0.45305247273033505
78598.58682819564,35410.13136390568,65634.82722051986,0.6998327569645372
44400.2395998351,37483.04581260049,40038.08055185454,0.3693744628015569
48149.47355008584,16440.330258612707,34135.10479629091,0.5580338256075333
99475.47314456746,76558.70388808475,85348.08059999677,0.38353472138860406
67785.15022092339,28833.477084527167,54976.33245005879,0.6711612945094236
81649.20586867038,76177.219704682,78070.07610476324,0.3459176144373851
90352.84295270396,76890.30196652692,90004.9641437892,0.9741594986212524
78971.39378670458,28123.474706456756,63876.888902174054,0.7031440979775695
19332.75515040319,14589.73716521125,18060.572680586083,0.7317778524582962
56654.902640019645,21887.37875435021,43800.71998738877,0.6302819063301445
11087.521574139942,6823.354069163533,8012.52481493304,0.2788752422088744
65639.29052983584,43302.807948128895,54275.62276983761,0.4912507948183028
95579.59339059329,76956.49243630671,87215.21658306748,0.5508601479389751
51760.47436571102,6251.796490860671,37962.623575023696,0.6968083575481657
43864.27679390895,12594.934353878485,22795.863071464788,0.32622779763117926
4548.432390398155,3207.236763674881,4182.734790216223,0.7273346312085869
96017.67771059282,55593.73143836468,90580.8672842221,0.8655052035306636
11197.265728885719,5836.73506651145,9634.864531259944,0.7085360953921375
5066.830237179847,744.4615800531625,1449.8209118877908,0.16318814700630357
25360.59453898891,10043.670401846914,22664.32715955429,0.8239680920729741
7487.51295791986,6254.583112672873,6806.1333166426675,0.4473492195002426
46056.66639876447,5815.064565934388,27038.773647328067,0.527407163600502
52092.692324454125,22762.98544230084,46179.60977042086,0.7983927156929314
31944.42495382981,28857.828259261765,30230.102961885757,0.4445915156453688
6045.08777491372,865.9505079115654,2217.9377411363903,0.26104487360061746
12048.436456673444,8882.708432931699,10803.835309829059,0.6068515243538442
39065.93342100288,12460.889057451424,36179.76965474964,0.8915181750191985
6992.316631827077,5849.894510985617,6486.595819487737,0.5573257878035072
70120.78283538143,51479.71840662346,62939.80437745774,0.6147763725956849
21495.033610956387,18332.02641554426,20250.914113330196,0.6066656125756652
30905.085309580212,8762.7064893798,22046.65349409173,0.5999331468664528
40018.451940631654,22074.131732910184,30611.370345103398,0.4757627212046532
42244.35367384564,32206.227205590436,37860.97071815507,0.56332658593686
1164.4100598052528,359.6219705502081,849.2151063224093,0.6083503748488561
12094.966728871057,3581.735225151482,5792.249625985427,0.2596563243778974
86413.69181034692,10637.941411821508,63077.14191244385,0.6920314246289906
1122.0731886789054,1026.4029843301444,1087.176155338333,0.6352361367039955
51308.568225474635,36096.31392434055,43108.71871356866,0.4609707838440046
49460.698644213604,31666.040133342707,36724.918938730596,0.2842919858393115
33976.321940053145,24884.105780993053,29485.57718505706,0.5060890902245864
43701.37499449852,24117.52068450471,28702.002669340447,0.23409498009266935
78277.53261513184,39507.746864649336,64723.458476299405,0.6503959494111016
84279.16691528069,40631.18905746007,75328.13931606844,0.794926866294484
26774.505798109756,17252.777467945893,22130.608494443935,0.5122842048586463
32926.553655805255,8933.129719242417,24818.10375998338,0.6620553232727381
25005.802449804938,21376.207492647885,22734.684602604357,0.3742778811387049
48506.476654555445,38319.607992708756,42611.376269374334,0.42130397663216346
68642.57740822248,27259.962910287184,44452.36410384068,0.41544985502091164
23597.034670878635,13965.147559199031,18801.639411341544,0.5021333614134447
33742.8384634318,7419.1460373183745,19258.593395380318,0.4497639300145092
93108.07714132589,86264.10375571078,90061.49422043463,0.5548517287786849
5808.359694848849,5038.512640749553,5471.424934431068,0.562335455304188
46616.19091871705,41190.66673675924,45242.47187097574,0.746804363657706
71444.246118081,27315.892363546787,46895.35107296139,0.443693386305008
15894.947144189933,3874.6238634027377,14330.405344725803,0.8698419532555475
5690.0279805427035,1593.243903334134,2884.302249390482,0.31513946591396574
14682.331792214543,2591.4489215435824,11880.975204451439,0.7683083511992
91963.49615953761,18585.274065494817,50835.07510818148,0.43950098710970076
1916.7184002912181,307.84194582096603,1153.796106309392,0.5258043015906834
19643.87550632383,18491.754523668093,19246.31680346775,0.6549331981267501
4097.0677772628105,667.6132236879198,3554.6842716633846,0.8418455479942019
11952.317288658123,2541.788983651572,5909.889173213574,0.3579076626091352
62394.77937620133,50113.39072047789,54672.090459011524,0.371187645495541
24922.251965169493,14783.984146210309,20905.179023121746,0.6037712739709269
57351.992992637,43487.413875625905,50914.994859950515,0.5357235096456239
59429.342893846486,37813.41742828596,47668.339708455205,0.45591026374839017
85094.09797588813,72317.11788407768,74967.9125540639,0.20746644754383547
1469.3978982755182,944.3782067300262,1362.3531934215673,0.7961129714223762
85483.5764748943,46486.50990984005,72265.81914570762,0.6610576514226513
62292.78955627043,43968.57063343056,58166.20682766019,0.7748017120955297
17111.6051243908,8218.427400993069,15682.736018062538,0.8393297479517425
77520.80142539312,30555.153304063104,54866.272991340185,0.5176362013459769
85693.66263726799,42632.990031722395,72553.7575560837,0.6948513739775618
26172.084891661572,6392.714660225276,16915.568715576046,0.5320115823822488
91960.5744093654,71461.27219721625,83638.87977920988,0.5940498586716002
45991.28559956713,14790.71531461896,41788.49655873791,0.86529768518825
60739.02097899883,14000.45453971833,40280.22820859333,0.5622717098740259
98480.30382814672,30469.747459438317,72879.40770871303,0.6235746700755906
36792.071785280736,30013.48682993759,33485.88279225713,0.5122597098355259
81502.77523619117,31025.751204749988,52436.47653919472,0.4241677425576516
32521.512665017504,22216.823858476026,30373.994865821034,0.7915979958722078
80122.1387019076,66336.97940128206,70832.97671179537,0.32614764998104073
60472.65796740161,10043.47845072565,25946.47842025572,0.31535313725005687
22419.213827314743,16820.480247112166,21379.25052245695,0.8142502603561709
41988.5832851344,15179.529828676716,23735.443743002943,0.3191427078252665
32445.927801992606,9218.829330519799,19886.144504069787,0.4592616329866356
8732.730914956024,5986.8654510106535,7562.094115535132,0.573672922147149
3953.6422398700506,3452.8230277168504,3636.6050518617058,0.36696280750634774
35301.38688531091,12382.537830082463,29911.159865309142,0.7648124909321263
2884.3806339311714,1683.0612937426345,2462.6824550158567,0.6489707900239643
17383.288000595727,6020.858192486261,11020.653269395847,0.44002868764400965
72793.14876423602,41575.279011130835,64935.26372670445,0.7482888775026053
71101.0323326752,44692.88072908224,62193.29822895823,0.6626899815848896
74119.45825928089,45864.014943484435,65986.47249168679,0.7121621601651782
32398.163941867897,20411.310276872693,27969.056111631256,0.6305028864104004
89111.92625465186,19142.830035659634,31275.011369977,0.17339342638277838
59789.22425481631,41225.23209150597,48056.710508785836,0.36799619161559016
13476.607832916026,9077.00483063971,11235.834146401445,0.49068729943242073
15228.147484097879,10358.184455020093,13236.97210992634,0.5911313161347342
69616.44726604044,11344.694145999569,32464.01156815412,0.36242804259978884
18121.44970776573,8694.907439518247,16047.720099159902,0.7800116363355192
51221.97745662229,22931.047811383185,39816.58728105819,0.5968534679282469
99185.67311694236,17229.023652995766,39773.99875517798,0.2750841481398033
1396.7528686006103,403.6793718585085,1326.55756044628,0.9293150926043091
2641.400387858135,1254.1850754487502,1942.293198973395,0.496035559418317
99315.37361112014,72646.25242448393,88459.70975809768,0.5929500722182703
58879.244579282386,17752.255067492995,48117.06215419267,0.7383182539532913
13564.0875763328,10922.989137913564,12403.845222342066,0.5606970428996322
89832.91777565527,50659.34642375332,83207.59751240906,0.8308727023193779
88157.64971264153,65797.20524420592,79766.72816827678,0.6247426317392965
54083.840898026145,27132.38031527336,39069.91240350974,0.44292709300792543
62557.410956214895,32799.79465632278,52680.682178696705,0.6680940879813012
28045.53195858676,17577.85914503086,25152.26856990248,0.723600131546199
6001.44994082851,5333.938772830125,5550.238648318747,0.324039335757069
59862.19328019557,31011.052163265358,56899.778268486814,0.8973206986960259
30180.764127073537,16580.071605106215,24354.0610643966,0.5715877663386724
66698.48361937483,40799.29028107865,56107.39467642064,0.5910649106088744
83788.27250741753,60904.67865765195,64446.58835227183,0.1547794335921655
2797.893847522042,450.6645546116344,1619.7150651985305,0.4980555219372502
59975.663693887014,32286.958295751156,50674.87087256007,0.6640943414438901
23896.77342899837,12171.889671582703,19835.314165834938,0.653603451667939
87514.96129247634,77313.53799074412,82421.77316931296,0.5007374978451731
26112.78614962102,13565.085643572284,17923.658825793165,0.3473603135586308
61466.24319030641,30614.64261408631,49221.20625198082,0.6030988114190786
55800.54316887153,51217.64401460774,52556.54105970365,0.2921506670837925
40220.483505865646,19426.091089618512,35555.645591920635,0.7756684677018857
68084.45559637962,17276.550829327625,30773.770790066443,0.26565196936622193
72851.19383682795,20717.328116211807,60295.513631753856,0.7591646038227893
57126.841736619295,10334.783095855428,32294.470199801195,0.4693037182342546
76083.80148129066,7645.121766819323,60228.64628939989,0.7683304929604275
98358.29052330082,45948.45034505,66611.69257808231,0.39426264538786354
42507.96640217971,32044.893771026138,35422.92219490476,0.32285242996599406
51943.72213666756,37578.5027498267,46035.53319416246,0.588715717915367
2234.5179161801107,284.5138473996799,1655.9184198199607,0.7032829286751094
79806.82707472747,46645.93067675078,71747.44423935728,0.7569612492181627
52502.77663755339,12135.526265403601,32194.660839283195,0.4969160492466638
41388.18160569596,37245.83891242629,38965.5439421897,0.41515276670796264
10313.124345850185,2498.4600791875723,5391.5590376112905,0.3702141076956677
89075.98574586432,56353.3286944938,71672.86861352713,0.4681630802469233
40105.71676401509,15131.99152433317,20443.33318571834,0.21267718814114808
68575.57822271282,44253.6808816067,56062.49579112591,0.4855219452621113
15788.041480446926,7111.246596443493,13310.449019801017,0.7144576432003011
96193.41332456222,71731.10072565112,85985.38108892179,0.5827037123180729
18665.73442036126,5526.499438273497,13372.611327746321,0.5971513486263957
20754.657297049547,18054.955295945685,19648.829495263246,0.5903889387294787
86039.30319521367,45185.96654619792,69945.27150911781,0.6060534339125127
91345.6916700512,67840.54298009933,75799.76972421014,0.3386163112217742
22002.59334480684,18092.087010555853,20176.900808836093,0.5331314208648541
47510.28792930796,45087.46845665028,46746.70926749053,0.6848388126170086
73615.99555172016,21374.68520903508,49640.5015075391,0.5410625444325565
87958.20764726936,30245.18187667148,47160.333293514755,0.29309070510492563
38526.216808693214,12053.625167046872,26683.39849299335,0.5526384996220433
52184.929198093494,16878.726498231106,41859.286988256375,0.7075402784713133
74429.92464145376,44291.61295164422,66051.0742763303,0.7219867373009966
73382.46168862675,69309.30538666964,72465.26926152538,0.7748202231619062
78513.0528725824,73938.59772616044,76088.41615766322,0.469961637548095
57423.44804551111,31454.10979501567,46661.30438371075,0.5855826760778148
11356.894583672745,7304.449421980496,9213.490967381886,0.471083868931171
90493.35579692596,75197.7129078481,83639.09843615459,0.5518817083742334
86691.68139278179,77415.10275905787,85533.90856834957,0.8751939836716006
80011.64614601497,21865.705335048176,65442.21821251337,0.749433447454793
10886.38523891222,5979.461068583246,10070.468508399057,0.8337213492218158
21235.33934106149,17156.27478492143,18463.63051223561,0.320503808979014
74616.43614565754,26691.92324643616,42485.24925311856,0.3295458847937293
3290.8693636126973,1559.3379245392525,2748.513235333272,0.6867766209491154
97943.23873702069,91849.00829589258,96163.70565568711,0.7079970804313463
38337.32335521239,35933.178007867326,37746.85216657902,0.7543945546863698
72211.94083539154,62838.16578163167,70998.69404589079,0.8705700976882202
88869.53776031629,69201.02880683687,80631.34373190184,0.5811480144275455
40068.35892685814,13172.910768643284,25294.316109179505,0.45068612611438846
32594.116371366938,12148.562591258162,21860.200893875714,0.47500001257319235
61265.37176092643,34626.60089216645,58252.110034519756,0.8868843558416426
58517.94800105702,33745.004858176435,52113.1492729668,0.7414599189466565
41504.85778485492,21984.185011655023,38225.9820853952,0.8320305996850008
60575.70083090314,38839.3062266072,43824.56258440495,0.2293506558264484
93602.75558708298,41847.41163358871,82782.26003667313,0.7909298881264742
47296.38540603305,34847.88376914346,38986.62279695606,0.3324688503512711
20477.4758943125,7853.469081589945,16272.692348303957,0.6669216352314595
38343.39230541739,14611.725377789347,28794.927834223105,0.5976488082226493
40016.59127671874,8329.136046962649,18981.19978357244,0.3361602772887541
13979.760609595765,3640.404853224817,10409.203097623495,0.6546634436316645
17124.278554900935,14092.300835787317,15401.82439223663,0.4319040829997074
68771.64526597405,32964.999602322336,50095.841483575816,0.478426324603856
34608.29766668137,10164.02852448618,20944.005036350303,0.44100220174944604
95534.94079372495,71215.56005732114,80823.68457551133,0.39508096946760407
25116.077790502135,14338.365871963475,21785.704315171934,0.690994387259354
10793.52600537741,1273.4483660850137,7611.575316372765,0.6657642080699302
75596.95173702553,27888.262722180465,53761.91326966812,0.542325749916054
88222.56913986914,22095.44825991779,49300.52291210698,0.4114057029880053
28533.222330277298,18760.363471423407,23395.89184641924,0.47432674941337094
21006.722062902318,7011.54774110217,17748.832989318784,0.767213398084742
19390.84735223763,3009.551854651336,11064.882889426277,0.4917395596680285
52679.21783528472,7727.764206843049,37497.050319037844,0.6622541366128187
47373.24748343033,28161.889314298638,38173.53489675528,0.5211315875908811
26684.544145598888,3161.1828503810193,11951.134995198698,0.37366905326598093
5472.138581953212,4495.21571799247,4993.203154798154,0.509751030687
48667.64269230179,11295.154023342364,24401.928237319815,0.3507064870652722
95973.90241592523,59079.74776499935,78255.90937972663,0.5197615122547885
65599.40087451367,31355.518068989157,54279.17444147017,0.6694233975354796
50055.14910623322,23847.463998730647,42052.08989039053,0.6946292973601236
11958.515328931995,1925.6506762564024,8855.55689670958,0.6907205928074681
25991.19276440914,20333.934482170473,22038.45063993337,0.30129721372530177
30182.62100787973,25929.72708512278,27807.696938817186,0.4415745814033866
76715.5517081162,8389.932429722632,23548.19309800536,0.2218532496064208
87794.36892919731,22107.811652350472,71285.07776907251,0.7486656045841515
90262.54350307741,78376.64183950867,83469.55086380527,0.42848318692613613
98472.29221682466,55840.640490969585,81184.1943415612,0.5944774087939305
98254.30162734872,22356.159043388725,63691.63494952694,0.5446177534636254
95346.91414403016,25969.818707434326,69167.69658266773,0.6226533065903893
8110.391909785553,5360.874222434431,6767.695285538751,0.5116610340701779
14641.560056852713,10484.737683858291,13287.566647731554,0.6742720069258592
31142.186121127255,18981.560665083936,26284.021685521635,0.6005004468588976
55736.927152381686,50730.42025934398,53132.3129524549,0.4797541967736246
10600.810981842451,5511.934742296704,7433.440447483521,0.3775893959170716
84733.8988224121,30100.118231533717,60715.23060759028,0.5603696475870104
62058.861728653595,31379.93766953366,54014.43408597069,0.7377865133998553
54694.07582791829,22190.280790557583,36960.23672009335,0.4544071211548928
17365.821013361823,5049.173392367239,12429.216646969184,0.5991925304432796
26072.291965619537,3625.8413645739497,9855.09644548123,0.2775162626654707
16870.890473243548,6737.906689232781,12627.662752787335,0.5812459774038357
85341.38262168506,60139.89700417793,70858.79073643363,0.4253278514981444
58838.5581460606,6805.9814906801,52452.57511814774,0.877269521549775
73777.8133244437,34919.16714134643,46250.81695501508,0.29161205874942936
30307.253428092547,19621.158061652306,27547.56290977857,0.7417494020331502
37754.01107173944,23363.82407877568,27435.274873949034,0.2829324453646178
41080.64147822685,31227.497704787173,37759.647892408946,0.6629508650051329
76241.48220265945,60150.08902518983,70585.03350630244,0.6484798653557917
77462.94577978224,54607.49958245707,67853.70557870761,0.5795645327545945
21474.53922388914,4023.857106676894,15054.144959471772,0.6320834783825041
94212.3468170718,47461.26703607429,61629.367385531616,0.30305397042863824
12944.878406924952,7933.852077930032,10774.667335269321,0.5669128579312579
89716.0861599394,27698.14892741016,43562.35797649812,0.2558003338551378
10939.16891933112,1489.5761848363757,5448.708134519012,0.418973818335074
27189.4413039798,7886.345650155674,16556.78031765345,0.44917327370649396
84801.37507072774,41269.45766914101,71728.17931809854,0.6996871138932952
18769.715162262655,8480.922574053722,13172.104512270143,0.4559506762331438
41943.22519968701,10492.808055649635,20136.760481584097,0.3066398891234687
45536.07069446849,36463.154837712864,40807.7209109367,0.47885003474256893
25280.638329297755,22419.72122972753,24806.44535498483,0.8342514103662213
71314.27493226268,19336.585467989404,41948.158763854866,0.43502459476209426
85282.13029081818,75912.7777542684,81492.14619969734,0.5954913558502423
87582.9388457016,10087.96188546078,75458.89433445013,0.8435505759622102
34592.892427919534,30656.847463273698,34322.377384577034,0.9312723696572809
53554.18903449363,48688.22711911365,52404.889009242564,0.7638082571878657
25592.233982699498,2821.3923817663003,22634.781387739753,0.8701210676886646
25234.853653464397,18889.96361093741,22621.5593837882,0.588126153146793
16964.15222234049,15686.265311148652,16807.86831624824,0.8777013014817646
94061.88206994395,81835.42572933206,86974.02163321014,0.42028497552553484
88910.89403195241,82251.79143937278,87635.23176245793,0.8084333058757837
77958.51261944154,44262.89293109316,58180.153907214655,0.4130287884550748
52248.490607485175,8695.858350359675,45849.020309404346,0.8530635241447702
49570.18363567532,40762.59396235506,46131.39289535372,0.6095650606046847
53444.8209520673,33229.53213818426,41361.498823088616,0.4022681426801904
54120.23334413184,33691.26496899296,39337.08578584931,0.27636348116956594
44021.74538507134,20015.171886577966,30042.274944025587,0.4176815595143935
14043.728456314679,8230.547268088489,12479.54905157255,0.7309253996916248
13440.721433985063,3098.6617176995223,8211.819600154256,0.49440421180348565
95272.72186872264,69435.1905765485,77956.77021479473,0.3298140035858343
48721.045199048705,7978.78789876248,35718.95624334715,0.6808696960536299
95367.3469656137,68694.40197313383,91697.68234622394,0.8624199682328149
17194.110893300887,14127.225862266785,15403.320575307633,0.4160882133265263
55887.23865195342,28032.948143021815,47293.571233861134,0.6914777845324516
21564.008081802385,11501.289022082346,14266.529481401534,0.27480052289128715
26065.276006533553,9523.786118012547,18474.956662821838,0.5411344809406176
3975.4032973566996,3673.430852570108,3839.492239436192,0.5499223181884753
12776.37776328092,9239.311725635736,11028.542633440828,0.5058517112098591
91767.99235529038,37958.9371632164,48446.95967010879,0.194911850235149
32831.76615675084,8161.526558858705,25584.68097497542,0.7062417998407027
61204.79197954456,17543.903972084347,45041.689879737634,0.6298036334706434
47036.39906693803,23251.68862438454,39602.732241083504,0.6874602764742987
40644.67327928255,36628.29430095768,38641.211426616836,0.5011770892443762
53656.72304326075,38848.776379884264,47895.16045580969,0.6109141450582914
19536.65551691881,5528.037067986382,12673.25866543367,0.5100589771571522
98871.78595343807,82125.57133303853,95009.52236463882,0.7693649773188505
82012.47900168243,34565.8359841615,59168.55167172394,0.5185343814203511
74419.84864042001,61319.265399553,72220.55967312481,0.8321228202699736
47407.17040438129,14480.266964375767,34673.66065086208,0.6132794638062365
16134.835090507262,10098.1724170478,12957.863159876399,0.47372048058961386
92145.91996908322,81795.16093449005,87748.22188002578,0.5751327922561102
34797.31967079104,11107.64920295215,22284.131400746017,0.4717871535176932
5960.562279996443,4106.753511854342,5171.1088113326105,0.5741451425677376
34897.96400425224,32776.716631802345,33756.43947568174,0.46186166526532246
79651.24601909255,18161.164645068726,48910.65242610156,0.5000723221358884
62648.16575383261,10972.321732092454,45582.13457249743,0.6697483804201542
75333.0198897411,50704.087854685306,65155.61740682085,0.5867704507676516
79569.90300237536,30934.833247726387,60588.694366309406,0.6097217762445677
21983.506496973718,3529.6235661000314,17275.179051173705,0.7448597965297106
92454.54829322484,46597.99610158412,67377.25679764539,0.4531361321981195
44360.97068911689,32858.396241012735,39458.25261865284,0.5737721070545116
64262.351277152295,22000.475602311104,44018.53356889573,0.5209910259542062
1228.5684860874583,472.7406784138372,656.9974178341338,0.24378137129860902
99343.48134270663,81346.86236952471,88742.29342637882,0.41093446873963313
28808.742210451357,15616.099224597168,23209.871372487738,0.5756065828532608
